author_id,author_name,taxonomy_id,l1_field,l2_domain,subfield_name,expertise_score,paper_count,first_author_papers,corresponding_papers,author_papers,avg_similarity,evidence_paper_ids,evidence_titles,profile
60284921100,Sutinee Toanan,TX0045,Natural Sciences & Mathematics,Chemistry,Chemistry (miscellaneous),21.0,1,1,0,1,0.2039712816476822,['2-s2.0-105026728219'],['Effect of four chemical reagents on the shear bond strength of four different metal alloys bonded with self-adhesive resin cement'],"Department of Prosthodontics, Chulalongkorn University, Bangkok, Thailand"
58737562200,Piyaradtana Homyok,TX0045,Natural Sciences & Mathematics,Chemistry,Chemistry (miscellaneous),21.0,1,1,0,1,0.028474565595388412,['2-s2.0-105028456957'],['Characterization of glucose transporter-targeted lipid nanoparticles for enhancing n-3 PUFA utilization in slow-growing Korat chickens'],"School of Animal Technology and Innovation, Suranaree University of Technology, Nakhon Ratchasima, Thailand"
58485910200,Wisarut Prawatvatchara,TX0045,Natural Sciences & Mathematics,Chemistry,Chemistry (miscellaneous),14.7,1,0,1,1,0.2039712816476822,['2-s2.0-105026728219'],['Effect of four chemical reagents on the shear bond strength of four different metal alloys bonded with self-adhesive resin cement'],"Department of Prosthodontics, Chulalongkorn University, Bangkok, Thailand"
35734712000,Wittawat Molee,TX0045,Natural Sciences & Mathematics,Chemistry,Chemistry (miscellaneous),14.7,1,0,1,1,0.028474565595388412,['2-s2.0-105028456957'],['Characterization of glucose transporter-targeted lipid nanoparticles for enhancing n-3 PUFA utilization in slow-growing Korat chickens'],"School of Animal Technology and Innovation, Suranaree University of Technology, Nakhon Ratchasima, Thailand"
26039254300,Anyanee Kamkaew,TX0045,Natural Sciences & Mathematics,Chemistry,Chemistry (miscellaneous),4.2,1,0,0,1,0.028474565595388412,['2-s2.0-105028456957'],['Characterization of glucose transporter-targeted lipid nanoparticles for enhancing n-3 PUFA utilization in slow-growing Korat chickens'],"School of Chemistry, Suranaree University of Technology, Nakhon Ratchasima, Thailand"
56026870300,Tool Sriamporn,TX0045,Natural Sciences & Mathematics,Chemistry,Chemistry (miscellaneous),4.2,1,0,0,1,0.2039712816476822,['2-s2.0-105026728219'],['Effect of four chemical reagents on the shear bond strength of four different metal alloys bonded with self-adhesive resin cement'],"Department of Prosthodontics, Rangsit University, Pathum Thani, Thailand"
59715745800,Pranpreeya Chaiteerapapkul,TX0045,Natural Sciences & Mathematics,Chemistry,Chemistry (miscellaneous),4.2,1,0,0,1,0.2039712816476822,['2-s2.0-105026728219'],['Effect of four chemical reagents on the shear bond strength of four different metal alloys bonded with self-adhesive resin cement'],"Department of Prosthodontics, Chulalongkorn University, Bangkok, Thailand"
37009839300,Amonrat Molee,TX0045,Natural Sciences & Mathematics,Chemistry,Chemistry (miscellaneous),4.2,1,0,0,1,0.028474565595388412,['2-s2.0-105028456957'],['Characterization of glucose transporter-targeted lipid nanoparticles for enhancing n-3 PUFA utilization in slow-growing Korat chickens'],"School of Animal Technology and Innovation, Suranaree University of Technology, Nakhon Ratchasima, Thailand"
56026077200,Niyom Thamrongananskul,TX0045,Natural Sciences & Mathematics,Chemistry,Chemistry (miscellaneous),4.2,1,0,0,1,0.2039712816476822,['2-s2.0-105026728219'],['Effect of four chemical reagents on the shear bond strength of four different metal alloys bonded with self-adhesive resin cement'],"Department of Prosthodontics, Chulalongkorn University, Bangkok, Thailand"
59332161400,Apipu Ariyachayut,TX0045,Natural Sciences & Mathematics,Chemistry,Chemistry (miscellaneous),4.2,1,0,0,1,0.028474565595388412,['2-s2.0-105028456957'],['Characterization of glucose transporter-targeted lipid nanoparticles for enhancing n-3 PUFA utilization in slow-growing Korat chickens'],"Drug Discovery and Development Center, Thammasat University, Pathum Thani, Thailand"
57194771297,Worapapar Treesuppharat,TX0045,Natural Sciences & Mathematics,Chemistry,Chemistry (miscellaneous),4.2,1,0,0,1,0.028474565595388412,['2-s2.0-105028456957'],['Characterization of glucose transporter-targeted lipid nanoparticles for enhancing n-3 PUFA utilization in slow-growing Korat chickens'],"Drug Discovery and Development Center, Thammasat University, Pathum Thani, Thailand"
55342093400,Teerapong Yata,TX0045,Natural Sciences & Mathematics,Chemistry,Chemistry (miscellaneous),4.2,1,0,0,1,0.028474565595388412,['2-s2.0-105028456957'],['Characterization of glucose transporter-targeted lipid nanoparticles for enhancing n-3 PUFA utilization in slow-growing Korat chickens'],"Department of Physiology, Chulalongkorn University, Bangkok, Thailand"
11739018000,Élisabeth Baéza,TX0045,Natural Sciences & Mathematics,Chemistry,Chemistry (miscellaneous),4.2,1,0,0,1,0.028474565595388412,['2-s2.0-105028456957'],['Characterization of glucose transporter-targeted lipid nanoparticles for enhancing n-3 PUFA utilization in slow-growing Korat chickens'],"Université de Tours, Tours, Centre-Val de Loire, France"
6603521810,Cécile M. Berri,TX0045,Natural Sciences & Mathematics,Chemistry,Chemistry (miscellaneous),4.2,1,0,0,1,0.028474565595388412,['2-s2.0-105028456957'],['Characterization of glucose transporter-targeted lipid nanoparticles for enhancing n-3 PUFA utilization in slow-growing Korat chickens'],"Université de Tours, Tours, Centre-Val de Loire, France"
57205684545,Awiruth Klaisiri,TX0045,Natural Sciences & Mathematics,Chemistry,Chemistry (miscellaneous),4.2,1,0,0,1,0.2039712816476822,['2-s2.0-105026728219'],['Effect of four chemical reagents on the shear bond strength of four different metal alloys bonded with self-adhesive resin cement'],"Division of Restorative and Esthetic Dentistry, Thammasat University, Pathum Thani, Thailand"
60284921100,Sutinee Toanan,TX0109,Natural Sciences & Mathematics,Physics,Condensed Matter Physics,18.9,1,2,0,2,0.20639196783304214,['2-s2.0-105026728219'],['Effect of four chemical reagents on the shear bond strength of four different metal alloys bonded with self-adhesive resin cement'],"Department of Prosthodontics, Chulalongkorn University, Bangkok, Thailand"
58485910200,Wisarut Prawatvatchara,TX0109,Natural Sciences & Mathematics,Physics,Condensed Matter Physics,13.229999999999997,1,0,2,2,0.20639196783304214,['2-s2.0-105026728219'],['Effect of four chemical reagents on the shear bond strength of four different metal alloys bonded with self-adhesive resin cement'],"Department of Prosthodontics, Chulalongkorn University, Bangkok, Thailand"
59715745800,Pranpreeya Chaiteerapapkul,TX0109,Natural Sciences & Mathematics,Physics,Condensed Matter Physics,3.7800000000000002,1,0,0,2,0.20639196783304214,['2-s2.0-105026728219'],['Effect of four chemical reagents on the shear bond strength of four different metal alloys bonded with self-adhesive resin cement'],"Department of Prosthodontics, Chulalongkorn University, Bangkok, Thailand"
56026870300,Tool Sriamporn,TX0109,Natural Sciences & Mathematics,Physics,Condensed Matter Physics,3.7800000000000002,1,0,0,2,0.20639196783304214,['2-s2.0-105026728219'],['Effect of four chemical reagents on the shear bond strength of four different metal alloys bonded with self-adhesive resin cement'],"Department of Prosthodontics, Rangsit University, Pathum Thani, Thailand"
56026077200,Niyom Thamrongananskul,TX0109,Natural Sciences & Mathematics,Physics,Condensed Matter Physics,3.7800000000000002,1,0,0,2,0.20639196783304214,['2-s2.0-105026728219'],['Effect of four chemical reagents on the shear bond strength of four different metal alloys bonded with self-adhesive resin cement'],"Department of Prosthodontics, Chulalongkorn University, Bangkok, Thailand"
57205684545,Awiruth Klaisiri,TX0109,Natural Sciences & Mathematics,Physics,Condensed Matter Physics,3.7800000000000002,1,0,0,2,0.20639196783304214,['2-s2.0-105026728219'],['Effect of four chemical reagents on the shear bond strength of four different metal alloys bonded with self-adhesive resin cement'],"Division of Restorative and Esthetic Dentistry, Thammasat University, Pathum Thani, Thailand"
58737562200,Piyaradtana Homyok,TX0113,Natural Sciences & Mathematics,Physics,Particle and high energy physics,24.0,1,1,0,1,0.08576753735542297,['2-s2.0-105028456957'],['Characterization of glucose transporter-targeted lipid nanoparticles for enhancing n-3 PUFA utilization in slow-growing Korat chickens'],"School of Animal Technology and Innovation, Suranaree University of Technology, Nakhon Ratchasima, Thailand"
35734712000,Wittawat Molee,TX0113,Natural Sciences & Mathematics,Physics,Particle and high energy physics,16.799999999999997,1,0,1,1,0.08576753735542297,['2-s2.0-105028456957'],['Characterization of glucose transporter-targeted lipid nanoparticles for enhancing n-3 PUFA utilization in slow-growing Korat chickens'],"School of Animal Technology and Innovation, Suranaree University of Technology, Nakhon Ratchasima, Thailand"
26039254300,Anyanee Kamkaew,TX0113,Natural Sciences & Mathematics,Physics,Particle and high energy physics,4.800000000000001,1,0,0,1,0.08576753735542297,['2-s2.0-105028456957'],['Characterization of glucose transporter-targeted lipid nanoparticles for enhancing n-3 PUFA utilization in slow-growing Korat chickens'],"School of Chemistry, Suranaree University of Technology, Nakhon Ratchasima, Thailand"
59332161400,Apipu Ariyachayut,TX0113,Natural Sciences & Mathematics,Physics,Particle and high energy physics,4.800000000000001,1,0,0,1,0.08576753735542297,['2-s2.0-105028456957'],['Characterization of glucose transporter-targeted lipid nanoparticles for enhancing n-3 PUFA utilization in slow-growing Korat chickens'],"Drug Discovery and Development Center, Thammasat University, Pathum Thani, Thailand"
11739018000,Élisabeth Baéza,TX0113,Natural Sciences & Mathematics,Physics,Particle and high energy physics,4.800000000000001,1,0,0,1,0.08576753735542297,['2-s2.0-105028456957'],['Characterization of glucose transporter-targeted lipid nanoparticles for enhancing n-3 PUFA utilization in slow-growing Korat chickens'],"Université de Tours, Tours, Centre-Val de Loire, France"
57194771297,Worapapar Treesuppharat,TX0113,Natural Sciences & Mathematics,Physics,Particle and high energy physics,4.800000000000001,1,0,0,1,0.08576753735542297,['2-s2.0-105028456957'],['Characterization of glucose transporter-targeted lipid nanoparticles for enhancing n-3 PUFA utilization in slow-growing Korat chickens'],"Drug Discovery and Development Center, Thammasat University, Pathum Thani, Thailand"
55342093400,Teerapong Yata,TX0113,Natural Sciences & Mathematics,Physics,Particle and high energy physics,4.800000000000001,1,0,0,1,0.08576753735542297,['2-s2.0-105028456957'],['Characterization of glucose transporter-targeted lipid nanoparticles for enhancing n-3 PUFA utilization in slow-growing Korat chickens'],"Department of Physiology, Chulalongkorn University, Bangkok, Thailand"
6603521810,Cécile M. Berri,TX0113,Natural Sciences & Mathematics,Physics,Particle and high energy physics,4.800000000000001,1,0,0,1,0.08576753735542297,['2-s2.0-105028456957'],['Characterization of glucose transporter-targeted lipid nanoparticles for enhancing n-3 PUFA utilization in slow-growing Korat chickens'],"Université de Tours, Tours, Centre-Val de Loire, France"
37009839300,Amonrat Molee,TX0113,Natural Sciences & Mathematics,Physics,Particle and high energy physics,4.800000000000001,1,0,0,1,0.08576753735542297,['2-s2.0-105028456957'],['Characterization of glucose transporter-targeted lipid nanoparticles for enhancing n-3 PUFA utilization in slow-growing Korat chickens'],"School of Animal Technology and Innovation, Suranaree University of Technology, Nakhon Ratchasima, Thailand"
60338787700,Sasimanee Maithong,TX0115,Natural Sciences & Mathematics,Physics,Statistical and Nonlinear Physics,4.2,1,0,0,1,0.08931531012058258,['2-s2.0-105027911300'],['Respiratory National Early Warning Score for 28-day mortality prediction in suspected sepsis patients in the emergency department'],"Department of Emergency Medicine, Faculty of Medicine, Thammasat University, Pathum Thani, Thailand"
26422438900,Suvit Poomrittigul,TX0118,Computer Science / ICT / Data & AI,AI & Machine Learning,Machine learning,24.0,1,1,0,1,0.36589547991752625,['2-s2.0-105027075057'],['Deep learning-based object detection of restorative dental instruments with potential implications for workflow automation and infection control in dental supply units'],"School of Information Technology, King Mongkut's Institute of Technology Ladkrabang, Bangkok, Thailand"
55971456600,Bhornsawan Thanathornwong,TX0118,Computer Science / ICT / Data & AI,AI & Machine Learning,Machine learning,16.799999999999997,1,0,1,1,0.36589547991752625,['2-s2.0-105027075057'],['Deep learning-based object detection of restorative dental instruments with potential implications for workflow automation and infection control in dental supply units'],"Faculty of Dentistry, Srinakharinwirot University, Bangkok, Thailand"
60320942100,Sirawit Mittong,TX0118,Computer Science / ICT / Data & AI,AI & Machine Learning,Machine learning,4.800000000000001,1,0,0,1,0.36589547991752625,['2-s2.0-105027075057'],['Deep learning-based object detection of restorative dental instruments with potential implications for workflow automation and infection control in dental supply units'],"School of Information Technology, King Mongkut's Institute of Technology Ladkrabang, Bangkok, Thailand"
8893011200,Siriwan Suebnukarn,TX0118,Computer Science / ICT / Data & AI,AI & Machine Learning,Machine learning,4.800000000000001,1,0,0,1,0.36589547991752625,['2-s2.0-105027075057'],['Deep learning-based object detection of restorative dental instruments with potential implications for workflow automation and infection control in dental supply units'],"Faculty of Dentistry, Thammasat University, Pathum Thani, Thailand"
57201254046,Kroonpong Iampenkhae,TX0139,Computer Science / ICT / Data & AI,Software & Systems,Software engineering,7.2,1,1,0,1,0.05891971290111542,['2-s2.0-105026215904'],"['Comparative Analysis of Equivocal (2+) and Positive (3+) HER2 Immunohistochemistry (IHC) and Bright-Field Dual-Color In Situ Hybridization (DISH) in Primary Breast Cancer From 1,307 Node-Positive Patients']","Department of Pathology, Faculty of Medicine, Chulalongkorn University, Bangkok, Thailand, King Chulalongkorn Memorial Hospital, Bangkok, Thailand"
57715149600,Sompon Apornvirat,TX0139,Computer Science / ICT / Data & AI,Software & Systems,Software engineering,5.04,1,0,1,1,0.05891971290111542,['2-s2.0-105026215904'],"['Comparative Analysis of Equivocal (2+) and Positive (3+) HER2 Immunohistochemistry (IHC) and Bright-Field Dual-Color In Situ Hybridization (DISH) in Primary Breast Cancer From 1,307 Node-Positive Patients']","Thammasat University, Pathum Thani, Thailand"
59389384300,Chawinthorn Vuthithammee,TX0139,Computer Science / ICT / Data & AI,Software & Systems,Software engineering,1.4400000000000002,1,0,0,1,0.05891971290111542,['2-s2.0-105026215904'],"['Comparative Analysis of Equivocal (2+) and Positive (3+) HER2 Immunohistochemistry (IHC) and Bright-Field Dual-Color In Situ Hybridization (DISH) in Primary Breast Cancer From 1,307 Node-Positive Patients']","Department of Pathology, Faculty of Medicine, Chulalongkorn University, Bangkok, Thailand, King Chulalongkorn Memorial Hospital, Bangkok, Thailand"
58921522900,Adiluck Pisutpunya,TX0139,Computer Science / ICT / Data & AI,Software & Systems,Software engineering,1.4400000000000002,1,0,0,1,0.05891971290111542,['2-s2.0-105026215904'],"['Comparative Analysis of Equivocal (2+) and Positive (3+) HER2 Immunohistochemistry (IHC) and Bright-Field Dual-Color In Situ Hybridization (DISH) in Primary Breast Cancer From 1,307 Node-Positive Patients']","Department of Pathology, Faculty of Medicine, Thammasat University, Pathum Thani, Thailand"
60260989900,Piyakawin Sodsoon,TX0139,Computer Science / ICT / Data & AI,Software & Systems,Software engineering,1.4400000000000002,1,0,0,1,0.05891971290111542,['2-s2.0-105026215904'],"['Comparative Analysis of Equivocal (2+) and Positive (3+) HER2 Immunohistochemistry (IHC) and Bright-Field Dual-Color In Situ Hybridization (DISH) in Primary Breast Cancer From 1,307 Node-Positive Patients']","Department of Pathology, Faculty of Medicine, Chulalongkorn University, Bangkok, Thailand, King Chulalongkorn Memorial Hospital, Bangkok, Thailand"
60284921100,Sutinee Toanan,TX0175,Engineering / Manufacturing / Construction,Engineering Systems,Metals and Alloys,24.0,1,1,0,1,0.29690873622894287,['2-s2.0-105026728219'],['Effect of four chemical reagents on the shear bond strength of four different metal alloys bonded with self-adhesive resin cement'],"Department of Prosthodontics, Chulalongkorn University, Bangkok, Thailand"
58485910200,Wisarut Prawatvatchara,TX0175,Engineering / Manufacturing / Construction,Engineering Systems,Metals and Alloys,16.799999999999997,1,0,1,1,0.29690873622894287,['2-s2.0-105026728219'],['Effect of four chemical reagents on the shear bond strength of four different metal alloys bonded with self-adhesive resin cement'],"Department of Prosthodontics, Chulalongkorn University, Bangkok, Thailand"
57205684545,Awiruth Klaisiri,TX0175,Engineering / Manufacturing / Construction,Engineering Systems,Metals and Alloys,4.800000000000001,1,0,0,1,0.29690873622894287,['2-s2.0-105026728219'],['Effect of four chemical reagents on the shear bond strength of four different metal alloys bonded with self-adhesive resin cement'],"Division of Restorative and Esthetic Dentistry, Thammasat University, Pathum Thani, Thailand"
56026077200,Niyom Thamrongananskul,TX0175,Engineering / Manufacturing / Construction,Engineering Systems,Metals and Alloys,4.800000000000001,1,0,0,1,0.29690873622894287,['2-s2.0-105026728219'],['Effect of four chemical reagents on the shear bond strength of four different metal alloys bonded with self-adhesive resin cement'],"Department of Prosthodontics, Chulalongkorn University, Bangkok, Thailand"
59715745800,Pranpreeya Chaiteerapapkul,TX0175,Engineering / Manufacturing / Construction,Engineering Systems,Metals and Alloys,4.800000000000001,1,0,0,1,0.29690873622894287,['2-s2.0-105026728219'],['Effect of four chemical reagents on the shear bond strength of four different metal alloys bonded with self-adhesive resin cement'],"Department of Prosthodontics, Chulalongkorn University, Bangkok, Thailand"
56026870300,Tool Sriamporn,TX0175,Engineering / Manufacturing / Construction,Engineering Systems,Metals and Alloys,4.800000000000001,1,0,0,1,0.29690873622894287,['2-s2.0-105026728219'],['Effect of four chemical reagents on the shear bond strength of four different metal alloys bonded with self-adhesive resin cement'],"Department of Prosthodontics, Rangsit University, Pathum Thani, Thailand"
26422438900,Suvit Poomrittigul,TX0192,Engineering / Manufacturing / Construction,"Robotics, Control & Mechanics",Control and Systems Engineering,24.0,1,1,0,1,0.07921796292066574,['2-s2.0-105027075057'],['Deep learning-based object detection of restorative dental instruments with potential implications for workflow automation and infection control in dental supply units'],"School of Information Technology, King Mongkut's Institute of Technology Ladkrabang, Bangkok, Thailand"
55971456600,Bhornsawan Thanathornwong,TX0192,Engineering / Manufacturing / Construction,"Robotics, Control & Mechanics",Control and Systems Engineering,16.799999999999997,1,0,1,1,0.07921796292066574,['2-s2.0-105027075057'],['Deep learning-based object detection of restorative dental instruments with potential implications for workflow automation and infection control in dental supply units'],"Faculty of Dentistry, Srinakharinwirot University, Bangkok, Thailand"
15136593500,Petch Rawdaree,TX0192,Engineering / Manufacturing / Construction,"Robotics, Control & Mechanics",Control and Systems Engineering,14.7,1,0,1,1,0.06551454961299896,['2-s2.0-105028205401'],['Nationwide implementation of a diabetes self-management and network system improves outcomes in type 1 diabetes: real-world evidence from Thailand'],"Department of Medicine, Vajira Hospital, Bangkok, Thailand"
60320942100,Sirawit Mittong,TX0192,Engineering / Manufacturing / Construction,"Robotics, Control & Mechanics",Control and Systems Engineering,4.800000000000001,1,0,0,1,0.07921796292066574,['2-s2.0-105027075057'],['Deep learning-based object detection of restorative dental instruments with potential implications for workflow automation and infection control in dental supply units'],"School of Information Technology, King Mongkut's Institute of Technology Ladkrabang, Bangkok, Thailand"
8893011200,Siriwan Suebnukarn,TX0192,Engineering / Manufacturing / Construction,"Robotics, Control & Mechanics",Control and Systems Engineering,4.800000000000001,1,0,0,1,0.07921796292066574,['2-s2.0-105027075057'],['Deep learning-based object detection of restorative dental instruments with potential implications for workflow automation and infection control in dental supply units'],"Faculty of Dentistry, Thammasat University, Pathum Thani, Thailand"
6603729159,Chaicharn Deerochanawong,TX0192,Engineering / Manufacturing / Construction,"Robotics, Control & Mechanics",Control and Systems Engineering,4.2,1,0,0,1,0.06551454961299896,['2-s2.0-105028205401'],['Nationwide implementation of a diabetes self-management and network system improves outcomes in type 1 diabetes: real-world evidence from Thailand'],"Rajavithi Hospital, Bangkok, Thailand, Department of Medicine, Rangsit University, Pathum Thani, Thailand"
7004719474,Wannee Nitiyanant,TX0192,Engineering / Manufacturing / Construction,"Robotics, Control & Mechanics",Control and Systems Engineering,4.2,1,0,0,1,0.06551454961299896,['2-s2.0-105028205401'],['Nationwide implementation of a diabetes self-management and network system improves outcomes in type 1 diabetes: real-world evidence from Thailand'],"Department of Medicine, Siriraj Hospital, Bangkok, Thailand"
57226263605,Sirimon Reutrakul,TX0192,Engineering / Manufacturing / Construction,"Robotics, Control & Mechanics",Control and Systems Engineering,4.2,1,0,0,1,0.06551454961299896,['2-s2.0-105028205401'],['Nationwide implementation of a diabetes self-management and network system improves outcomes in type 1 diabetes: real-world evidence from Thailand'],"Department of Medicine, Ramathibodi Hospital, Bangkok, Thailand, Diabetes and Metabolism, University of Illinois College of Medicine, Chicago, IL, United States"
15080686500,Prapai Dejkhamron,TX0192,Engineering / Manufacturing / Construction,"Robotics, Control & Mechanics",Control and Systems Engineering,4.2,1,0,0,1,0.06551454961299896,['2-s2.0-105028205401'],['Nationwide implementation of a diabetes self-management and network system improves outcomes in type 1 diabetes: real-world evidence from Thailand'],"Department of Pediatrics, Faculty of Medicine, Chiang Mai University, Chiang Mai, Thailand"
12139694800,Jeerunda Santiprabhob,TX0192,Engineering / Manufacturing / Construction,"Robotics, Control & Mechanics",Control and Systems Engineering,4.2,1,0,0,1,0.06551454961299896,['2-s2.0-105028205401'],['Nationwide implementation of a diabetes self-management and network system improves outcomes in type 1 diabetes: real-world evidence from Thailand'],"Department of Pediatrics, Siriraj Hospital, Bangkok, Thailand"
6603931129,Supawadee Likitmaskul,TX0192,Engineering / Manufacturing / Construction,"Robotics, Control & Mechanics",Control and Systems Engineering,4.2,1,0,0,1,0.06551454961299896,['2-s2.0-105028205401'],['Nationwide implementation of a diabetes self-management and network system improves outcomes in type 1 diabetes: real-world evidence from Thailand'],"Department of Pediatrics, Siriraj Hospital, Bangkok, Thailand"
57224953288,Miao Wang,TX0193,Engineering / Manufacturing / Construction,"Robotics, Control & Mechanics",Control engineering,14.4,1,1,0,1,0.2742052376270294,['2-s2.0-105027117834'],['Evaluating the relationship between clinician experience and accuracy in robotic-assisted dental implant placement: a retrospective study'],"College of Stomatology, Xi'an Jiaotong University, Xi'an, Shaanxi, China, Clinical Research Center of Shaanxi Province for Dental and Maxillofacial Diseases, Xi'an Jiaotong University, Xi'an, Shaanxi, China, Department of Dentistry, Xi'an Jiaotong University, Xi'an, Shaanxi, China"
60309743800,Xiaoxuan Cui,TX0193,Engineering / Manufacturing / Construction,"Robotics, Control & Mechanics",Control engineering,2.8800000000000003,1,0,0,1,0.2742052376270294,['2-s2.0-105027117834'],['Evaluating the relationship between clinician experience and accuracy in robotic-assisted dental implant placement: a retrospective study'],"College of Stomatology, Xi'an Jiaotong University, Xi'an, Shaanxi, China, Clinical Research Center of Shaanxi Province for Dental and Maxillofacial Diseases, Xi'an Jiaotong University, Xi'an, Shaanxi, China, Department of Dentistry, Xi'an Jiaotong University, Xi'an, Shaanxi, China"
58120446800,Chengpeng Lv,TX0193,Engineering / Manufacturing / Construction,"Robotics, Control & Mechanics",Control engineering,2.8800000000000003,1,0,0,1,0.2742052376270294,['2-s2.0-105027117834'],['Evaluating the relationship between clinician experience and accuracy in robotic-assisted dental implant placement: a retrospective study'],"College of Stomatology, Xi'an Jiaotong University, Xi'an, Shaanxi, China, Clinical Research Center of Shaanxi Province for Dental and Maxillofacial Diseases, Xi'an Jiaotong University, Xi'an, Shaanxi, China"
60331562900,Chayanin Chanthara,TX0196,"Medical, Health & Welfare Sciences",Biomedical & Translational Science,Immunology and Allergy,12.6,1,1,0,1,0.28130024671554565,['2-s2.0-105027463634'],['Plasma proteomic signatures in HIV-infected individuals post-SARS-CoV-2 infection'],"Graduate Program in Medical Technology, Thammasat University, Pathum Thani, Thailand, Department of Disease Control, Thailand Ministry of Public Health, Nontaburi, Thailand"
57189606311,Nattamon Niyomdecha,TX0196,"Medical, Health & Welfare Sciences",Biomedical & Translational Science,Immunology and Allergy,8.819999999999999,1,0,1,1,0.28130024671554565,['2-s2.0-105027463634'],['Plasma proteomic signatures in HIV-infected individuals post-SARS-CoV-2 infection'],"Department of Medical Technology, Thammasat University, Pathum Thani, Thailand"
55043184500,Narumon Phaonakrop,TX0196,"Medical, Health & Welfare Sciences",Biomedical & Translational Science,Immunology and Allergy,2.52,1,0,0,1,0.28130024671554565,['2-s2.0-105027463634'],['Plasma proteomic signatures in HIV-infected individuals post-SARS-CoV-2 infection'],"Thailand National Center for Genetic Engineering and Biotechnology, Pathum Thani, Pathum Thani, Thailand"
56741468900,Kiattichai Daorattanachai,TX0202,"Medical, Health & Welfare Sciences",Biomedical & Translational Science,Pathophysiology,21.0,1,1,0,1,0.08143697679042816,['2-s2.0-105027911300'],['Respiratory National Early Warning Score for 28-day mortality prediction in suspected sepsis patients in the emergency department'],"Department of Emergency Medicine, Faculty of Medicine, Thammasat University, Pathum Thani, Thailand"
47661782000,Pariwat Phungoen,TX0202,"Medical, Health & Welfare Sciences",Biomedical & Translational Science,Pathophysiology,4.2,1,0,0,1,0.08143697679042816,['2-s2.0-105027911300'],['Respiratory National Early Warning Score for 28-day mortality prediction in suspected sepsis patients in the emergency department'],"Department of Emergency Medicine, Faculty of Medicine, Khon Kaen University, Khon Kaen, Thailand"
24336490900,Thipaporn Tharavanij,TX0213,"Medical, Health & Welfare Sciences",Clinical Medicine,Clinical and health psychology,21.0,1,1,0,1,0.1279677450656891,['2-s2.0-105028205401'],['Nationwide implementation of a diabetes self-management and network system improves outcomes in type 1 diabetes: real-world evidence from Thailand'],"Department of Medicine, Faculty of Medicine, Thammasat University, Pathum Thani, Thailand, Thammasat University Hospital, Pathum Thani, Thailand"
6602383495,Nattawut Wongpraparut,TX0213,"Medical, Health & Welfare Sciences",Clinical Medicine,Clinical and health psychology,21.0,1,1,1,1,0.33966517448425293,['2-s2.0-105026963296'],['Real-world study to compare functional SYNTAX score versus anatomical SYNTAX score in influencing the treatment strategy for multivessel disease patients'],"Department of Medicine, Siriraj Hospital, Bangkok, Thailand"
57224953288,Miao Wang,TX0213,"Medical, Health & Welfare Sciences",Clinical Medicine,Clinical and health psychology,21.0,1,1,0,1,0.21396222710609436,['2-s2.0-105027117834'],['Evaluating the relationship between clinician experience and accuracy in robotic-assisted dental implant placement: a retrospective study'],"College of Stomatology, Xi'an Jiaotong University, Xi'an, Shaanxi, China, Clinical Research Center of Shaanxi Province for Dental and Maxillofacial Diseases, Xi'an Jiaotong University, Xi'an, Shaanxi, China, Department of Dentistry, Xi'an Jiaotong University, Xi'an, Shaanxi, China"
57201254046,Kroonpong Iampenkhae,TX0213,"Medical, Health & Welfare Sciences",Clinical Medicine,Clinical and health psychology,21.0,1,1,0,1,0.035707987844944,['2-s2.0-105026215904'],"['Comparative Analysis of Equivocal (2+) and Positive (3+) HER2 Immunohistochemistry (IHC) and Bright-Field Dual-Color In Situ Hybridization (DISH) in Primary Breast Cancer From 1,307 Node-Positive Patients']","Department of Pathology, Faculty of Medicine, Chulalongkorn University, Bangkok, Thailand, King Chulalongkorn Memorial Hospital, Bangkok, Thailand"
60331562900,Chayanin Chanthara,TX0213,"Medical, Health & Welfare Sciences",Clinical Medicine,Clinical and health psychology,21.0,1,1,0,1,0.09563655406236649,['2-s2.0-105027463634'],['Plasma proteomic signatures in HIV-infected individuals post-SARS-CoV-2 infection'],"Graduate Program in Medical Technology, Thammasat University, Pathum Thani, Thailand, Department of Disease Control, Thailand Ministry of Public Health, Nontaburi, Thailand"
57189606311,Nattamon Niyomdecha,TX0213,"Medical, Health & Welfare Sciences",Clinical Medicine,Clinical and health psychology,14.7,1,0,1,1,0.09563655406236649,['2-s2.0-105027463634'],['Plasma proteomic signatures in HIV-infected individuals post-SARS-CoV-2 infection'],"Department of Medical Technology, Thammasat University, Pathum Thani, Thailand"
57715149600,Sompon Apornvirat,TX0213,"Medical, Health & Welfare Sciences",Clinical Medicine,Clinical and health psychology,14.7,1,0,1,1,0.035707987844944,['2-s2.0-105026215904'],"['Comparative Analysis of Equivocal (2+) and Positive (3+) HER2 Immunohistochemistry (IHC) and Bright-Field Dual-Color In Situ Hybridization (DISH) in Primary Breast Cancer From 1,307 Node-Positive Patients']","Thammasat University, Pathum Thani, Thailand"
55694346600,Qin Zhou,TX0213,"Medical, Health & Welfare Sciences",Clinical Medicine,Clinical and health psychology,14.7,1,0,1,1,0.21396222710609436,['2-s2.0-105027117834'],['Evaluating the relationship between clinician experience and accuracy in robotic-assisted dental implant placement: a retrospective study'],"College of Stomatology, Xi'an Jiaotong University, Xi'an, Shaanxi, China, Clinical Research Center of Shaanxi Province for Dental and Maxillofacial Diseases, Xi'an Jiaotong University, Xi'an, Shaanxi, China, Department of Dentistry, Xi'an Jiaotong University, Xi'an, Shaanxi, China"
60260989900,Piyakawin Sodsoon,TX0213,"Medical, Health & Welfare Sciences",Clinical Medicine,Clinical and health psychology,4.2,1,0,0,1,0.035707987844944,['2-s2.0-105026215904'],"['Comparative Analysis of Equivocal (2+) and Positive (3+) HER2 Immunohistochemistry (IHC) and Bright-Field Dual-Color In Situ Hybridization (DISH) in Primary Breast Cancer From 1,307 Node-Positive Patients']","Department of Pathology, Faculty of Medicine, Chulalongkorn University, Bangkok, Thailand, King Chulalongkorn Memorial Hospital, Bangkok, Thailand"
55539229800,Worawut Roongsangmanoon,TX0213,"Medical, Health & Welfare Sciences",Clinical Medicine,Clinical and health psychology,4.2,1,0,0,1,0.33966517448425293,['2-s2.0-105026963296'],['Real-world study to compare functional SYNTAX score versus anatomical SYNTAX score in influencing the treatment strategy for multivessel disease patients'],"Department of Medicine, Faculty of Medicine, Srinakharinwirot University, Bangkok, Thailand"
9842302600,Chareeporn Akekawatchai,TX0213,"Medical, Health & Welfare Sciences",Clinical Medicine,Clinical and health psychology,4.2,1,0,0,1,0.09563655406236649,['2-s2.0-105027463634'],['Plasma proteomic signatures in HIV-infected individuals post-SARS-CoV-2 infection'],"Thammasat University, Pathum Thani, Thailand, Department of Medical Technology, Thammasat University, Pathum Thani, Thailand"
6508382189,Sittiruk Roytrakul,TX0213,"Medical, Health & Welfare Sciences",Clinical Medicine,Clinical and health psychology,4.2,1,0,0,1,0.09563655406236649,['2-s2.0-105027463634'],['Plasma proteomic signatures in HIV-infected individuals post-SARS-CoV-2 infection'],"Thailand National Center for Genetic Engineering and Biotechnology, Pathum Thani, Pathum Thani, Thailand"
47661782000,Pariwat Phungoen,TX0213,"Medical, Health & Welfare Sciences",Clinical Medicine,Clinical and health psychology,4.2,1,0,0,1,0.12350021302700043,['2-s2.0-105027911300'],['Respiratory National Early Warning Score for 28-day mortality prediction in suspected sepsis patients in the emergency department'],"Department of Emergency Medicine, Faculty of Medicine, Khon Kaen University, Khon Kaen, Thailand"
59389384300,Chawinthorn Vuthithammee,TX0213,"Medical, Health & Welfare Sciences",Clinical Medicine,Clinical and health psychology,4.2,1,0,0,1,0.035707987844944,['2-s2.0-105026215904'],"['Comparative Analysis of Equivocal (2+) and Positive (3+) HER2 Immunohistochemistry (IHC) and Bright-Field Dual-Color In Situ Hybridization (DISH) in Primary Breast Cancer From 1,307 Node-Positive Patients']","Department of Pathology, Faculty of Medicine, Chulalongkorn University, Bangkok, Thailand, King Chulalongkorn Memorial Hospital, Bangkok, Thailand"
58921522900,Adiluck Pisutpunya,TX0213,"Medical, Health & Welfare Sciences",Clinical Medicine,Clinical and health psychology,4.2,1,0,0,1,0.035707987844944,['2-s2.0-105026215904'],"['Comparative Analysis of Equivocal (2+) and Positive (3+) HER2 Immunohistochemistry (IHC) and Bright-Field Dual-Color In Situ Hybridization (DISH) in Primary Breast Cancer From 1,307 Node-Positive Patients']","Department of Pathology, Faculty of Medicine, Thammasat University, Pathum Thani, Thailand"
57221478348,Janya Khattiya,TX0213,"Medical, Health & Welfare Sciences",Clinical Medicine,Clinical and health psychology,4.2,1,0,0,1,0.09563655406236649,['2-s2.0-105027463634'],['Plasma proteomic signatures in HIV-infected individuals post-SARS-CoV-2 infection'],"Thammasat University, Pathum Thani, Thailand"
15063432000,Nakarin Sansanayudh,TX0213,"Medical, Health & Welfare Sciences",Clinical Medicine,Clinical and health psychology,4.2,1,0,0,1,0.33966517448425293,['2-s2.0-105026963296'],['Real-world study to compare functional SYNTAX score versus anatomical SYNTAX score in influencing the treatment strategy for multivessel disease patients'],"Department of Medicine, Pramongkutklao Hospital, Bangkok, Thailand"
55043184500,Narumon Phaonakrop,TX0213,"Medical, Health & Welfare Sciences",Clinical Medicine,Clinical and health psychology,4.2,1,0,0,1,0.09563655406236649,['2-s2.0-105027463634'],['Plasma proteomic signatures in HIV-infected individuals post-SARS-CoV-2 infection'],"Thailand National Center for Genetic Engineering and Biotechnology, Pathum Thani, Pathum Thani, Thailand"
58120446800,Chengpeng Lv,TX0213,"Medical, Health & Welfare Sciences",Clinical Medicine,Clinical and health psychology,4.2,1,0,0,1,0.21396222710609436,['2-s2.0-105027117834'],['Evaluating the relationship between clinician experience and accuracy in robotic-assisted dental implant placement: a retrospective study'],"College of Stomatology, Xi'an Jiaotong University, Xi'an, Shaanxi, China, Clinical Research Center of Shaanxi Province for Dental and Maxillofacial Diseases, Xi'an Jiaotong University, Xi'an, Shaanxi, China"
57540305000,Wai Keung Leung,TX0213,"Medical, Health & Welfare Sciences",Clinical Medicine,Clinical and health psychology,4.2,1,0,0,1,0.21396222710609436,['2-s2.0-105027117834'],['Evaluating the relationship between clinician experience and accuracy in robotic-assisted dental implant placement: a retrospective study'],"Faculty of Dentistry, The University of Hong Kong, Hong Kong, Hong Kong"
57222326460,Waiman Tong,TX0213,"Medical, Health & Welfare Sciences",Clinical Medicine,Clinical and health psychology,4.2,1,0,0,1,0.21396222710609436,['2-s2.0-105027117834'],['Evaluating the relationship between clinician experience and accuracy in robotic-assisted dental implant placement: a retrospective study'],"Faculty of Dentistry, The University of Hong Kong, Hong Kong, Hong Kong"
57226263605,Sirimon Reutrakul,TX0213,"Medical, Health & Welfare Sciences",Clinical Medicine,Clinical and health psychology,4.2,1,0,0,1,0.1279677450656891,['2-s2.0-105028205401'],['Nationwide implementation of a diabetes self-management and network system improves outcomes in type 1 diabetes: real-world evidence from Thailand'],"Department of Medicine, Ramathibodi Hospital, Bangkok, Thailand, Diabetes and Metabolism, University of Illinois College of Medicine, Chicago, IL, United States"
57224954587,Huixia Zhou,TX0213,"Medical, Health & Welfare Sciences",Clinical Medicine,Clinical and health psychology,4.2,1,0,0,1,0.21396222710609436,['2-s2.0-105027117834'],['Evaluating the relationship between clinician experience and accuracy in robotic-assisted dental implant placement: a retrospective study'],"College of Stomatology, Xi'an Jiaotong University, Xi'an, Shaanxi, China, Clinical Research Center of Shaanxi Province for Dental and Maxillofacial Diseases, Xi'an Jiaotong University, Xi'an, Shaanxi, China, Department of Dentistry, Xi'an Jiaotong University, Xi'an, Shaanxi, China"
55252743000,Thunnop Chotivanawan,TX0213,"Medical, Health & Welfare Sciences",Clinical Medicine,Clinical and health psychology,4.2,1,0,0,1,0.33966517448425293,['2-s2.0-105026963296'],['Real-world study to compare functional SYNTAX score versus anatomical SYNTAX score in influencing the treatment strategy for multivessel disease patients'],"Division of Cardiology, Faculty of Medicine, Thammasat University, Pathum Thani, Thailand"
15030266000,Unchalee Permsuwan,TX0213,"Medical, Health & Welfare Sciences",Clinical Medicine,Clinical and health psychology,4.2,1,0,0,1,0.33966517448425293,['2-s2.0-105026963296'],['Real-world study to compare functional SYNTAX score versus anatomical SYNTAX score in influencing the treatment strategy for multivessel disease patients'],"Department of Pharmacology, Chiang Mai University, Chiang Mai, Chiang Mai, Thailand"
59264841700,Manish Narang,TX0213,"Medical, Health & Welfare Sciences",Clinical Medicine,Clinical and health psychology,4.2,1,0,0,1,0.33966517448425293,['2-s2.0-105026963296'],['Real-world study to compare functional SYNTAX score versus anatomical SYNTAX score in influencing the treatment strategy for multivessel disease patients'],"Department of Medical Affairs, Abbott Laboratories, Chicago, IL, United States"
58098370000,Ramneek Kaur,TX0213,"Medical, Health & Welfare Sciences",Clinical Medicine,Clinical and health psychology,4.2,1,0,0,1,0.33966517448425293,['2-s2.0-105026963296'],['Real-world study to compare functional SYNTAX score versus anatomical SYNTAX score in influencing the treatment strategy for multivessel disease patients'],"Department of Medical Affairs, Abbott Laboratories, Chicago, IL, United States"
60310963000,Xinxuan Wang,TX0213,"Medical, Health & Welfare Sciences",Clinical Medicine,Clinical and health psychology,4.2,1,0,0,1,0.21396222710609436,['2-s2.0-105027117834'],['Evaluating the relationship between clinician experience and accuracy in robotic-assisted dental implant placement: a retrospective study'],"Stomatology Center, Southern Medical University, Guangzhou, Guangdong, China"
56454416400,Pannipa Suwannasom,TX0213,"Medical, Health & Welfare Sciences",Clinical Medicine,Clinical and health psychology,4.2,1,0,0,1,0.33966517448425293,['2-s2.0-105026963296'],['Real-world study to compare functional SYNTAX score versus anatomical SYNTAX score in influencing the treatment strategy for multivessel disease patients'],"Division of Cardiology, Faculty of Medicine, Chiang Mai University, Chiang Mai, Thailand"
60309743800,Xiaoxuan Cui,TX0213,"Medical, Health & Welfare Sciences",Clinical Medicine,Clinical and health psychology,4.2,1,0,0,1,0.21396222710609436,['2-s2.0-105027117834'],['Evaluating the relationship between clinician experience and accuracy in robotic-assisted dental implant placement: a retrospective study'],"College of Stomatology, Xi'an Jiaotong University, Xi'an, Shaanxi, China, Clinical Research Center of Shaanxi Province for Dental and Maxillofacial Diseases, Xi'an Jiaotong University, Xi'an, Shaanxi, China, Department of Dentistry, Xi'an Jiaotong University, Xi'an, Shaanxi, China"
60310094800,Intad Sriprasert,TX0213,"Medical, Health & Welfare Sciences",Clinical Medicine,Clinical and health psychology,4.2,1,0,0,1,0.21396222710609436,['2-s2.0-105027117834'],['Evaluating the relationship between clinician experience and accuracy in robotic-assisted dental implant placement: a retrospective study'],"Periodontics Division, Thammasat University, Pathum Thani, Thailand"
12139694800,Jeerunda Santiprabhob,TX0213,"Medical, Health & Welfare Sciences",Clinical Medicine,Clinical and health psychology,4.2,1,0,0,1,0.1279677450656891,['2-s2.0-105028205401'],['Nationwide implementation of a diabetes self-management and network system improves outcomes in type 1 diabetes: real-world evidence from Thailand'],"Department of Pediatrics, Siriraj Hospital, Bangkok, Thailand"
57207983940,Longlong He,TX0213,"Medical, Health & Welfare Sciences",Clinical Medicine,Clinical and health psychology,4.2,1,0,0,1,0.21396222710609436,['2-s2.0-105027117834'],['Evaluating the relationship between clinician experience and accuracy in robotic-assisted dental implant placement: a retrospective study'],"College of Stomatology, Xi'an Jiaotong University, Xi'an, Shaanxi, China, Clinical Research Center of Shaanxi Province for Dental and Maxillofacial Diseases, Xi'an Jiaotong University, Xi'an, Shaanxi, China, Department of Dentistry, Xi'an Jiaotong University, Xi'an, Shaanxi, China"
26422438900,Suvit Poomrittigul,TX0240,"Medical, Health & Welfare Sciences",Clinical Medicine,Infectious Diseases,24.0,1,1,0,1,0.23080983757972717,['2-s2.0-105027075057'],['Deep learning-based object detection of restorative dental instruments with potential implications for workflow automation and infection control in dental supply units'],"School of Information Technology, King Mongkut's Institute of Technology Ladkrabang, Bangkok, Thailand"
60331562900,Chayanin Chanthara,TX0240,"Medical, Health & Welfare Sciences",Clinical Medicine,Infectious Diseases,21.0,1,1,0,1,0.1741359531879425,['2-s2.0-105027463634'],['Plasma proteomic signatures in HIV-infected individuals post-SARS-CoV-2 infection'],"Graduate Program in Medical Technology, Thammasat University, Pathum Thani, Thailand, Department of Disease Control, Thailand Ministry of Public Health, Nontaburi, Thailand"
55971456600,Bhornsawan Thanathornwong,TX0240,"Medical, Health & Welfare Sciences",Clinical Medicine,Infectious Diseases,16.799999999999997,1,0,1,1,0.23080983757972717,['2-s2.0-105027075057'],['Deep learning-based object detection of restorative dental instruments with potential implications for workflow automation and infection control in dental supply units'],"Faculty of Dentistry, Srinakharinwirot University, Bangkok, Thailand"
57189606311,Nattamon Niyomdecha,TX0240,"Medical, Health & Welfare Sciences",Clinical Medicine,Infectious Diseases,14.7,1,0,1,1,0.1741359531879425,['2-s2.0-105027463634'],['Plasma proteomic signatures in HIV-infected individuals post-SARS-CoV-2 infection'],"Department of Medical Technology, Thammasat University, Pathum Thani, Thailand"
60320942100,Sirawit Mittong,TX0240,"Medical, Health & Welfare Sciences",Clinical Medicine,Infectious Diseases,4.800000000000001,1,0,0,1,0.23080983757972717,['2-s2.0-105027075057'],['Deep learning-based object detection of restorative dental instruments with potential implications for workflow automation and infection control in dental supply units'],"School of Information Technology, King Mongkut's Institute of Technology Ladkrabang, Bangkok, Thailand"
8893011200,Siriwan Suebnukarn,TX0240,"Medical, Health & Welfare Sciences",Clinical Medicine,Infectious Diseases,4.800000000000001,1,0,0,1,0.23080983757972717,['2-s2.0-105027075057'],['Deep learning-based object detection of restorative dental instruments with potential implications for workflow automation and infection control in dental supply units'],"Faculty of Dentistry, Thammasat University, Pathum Thani, Thailand"
57221478348,Janya Khattiya,TX0240,"Medical, Health & Welfare Sciences",Clinical Medicine,Infectious Diseases,4.2,1,0,0,1,0.1741359531879425,['2-s2.0-105027463634'],['Plasma proteomic signatures in HIV-infected individuals post-SARS-CoV-2 infection'],"Thammasat University, Pathum Thani, Thailand"
55043184500,Narumon Phaonakrop,TX0240,"Medical, Health & Welfare Sciences",Clinical Medicine,Infectious Diseases,4.2,1,0,0,1,0.1741359531879425,['2-s2.0-105027463634'],['Plasma proteomic signatures in HIV-infected individuals post-SARS-CoV-2 infection'],"Thailand National Center for Genetic Engineering and Biotechnology, Pathum Thani, Pathum Thani, Thailand"
9842302600,Chareeporn Akekawatchai,TX0240,"Medical, Health & Welfare Sciences",Clinical Medicine,Infectious Diseases,4.2,1,0,0,1,0.1741359531879425,['2-s2.0-105027463634'],['Plasma proteomic signatures in HIV-infected individuals post-SARS-CoV-2 infection'],"Thammasat University, Pathum Thani, Thailand, Department of Medical Technology, Thammasat University, Pathum Thani, Thailand"
6508382189,Sittiruk Roytrakul,TX0240,"Medical, Health & Welfare Sciences",Clinical Medicine,Infectious Diseases,4.2,1,0,0,1,0.1741359531879425,['2-s2.0-105027463634'],['Plasma proteomic signatures in HIV-infected individuals post-SARS-CoV-2 infection'],"Thailand National Center for Genetic Engineering and Biotechnology, Pathum Thani, Pathum Thani, Thailand"
24336490900,Thipaporn Tharavanij,TX0248,"Medical, Health & Welfare Sciences",Clinical Medicine,Medicine (miscellaneous),21.0,1,1,0,1,0.11909271776676178,['2-s2.0-105028205401'],['Nationwide implementation of a diabetes self-management and network system improves outcomes in type 1 diabetes: real-world evidence from Thailand'],"Department of Medicine, Faculty of Medicine, Thammasat University, Pathum Thani, Thailand, Thammasat University Hospital, Pathum Thani, Thailand"
15136593500,Petch Rawdaree,TX0248,"Medical, Health & Welfare Sciences",Clinical Medicine,Medicine (miscellaneous),14.7,1,0,1,1,0.11909271776676178,['2-s2.0-105028205401'],['Nationwide implementation of a diabetes self-management and network system improves outcomes in type 1 diabetes: real-world evidence from Thailand'],"Department of Medicine, Vajira Hospital, Bangkok, Thailand"
6603729159,Chaicharn Deerochanawong,TX0248,"Medical, Health & Welfare Sciences",Clinical Medicine,Medicine (miscellaneous),4.2,1,0,0,1,0.11909271776676178,['2-s2.0-105028205401'],['Nationwide implementation of a diabetes self-management and network system improves outcomes in type 1 diabetes: real-world evidence from Thailand'],"Rajavithi Hospital, Bangkok, Thailand, Department of Medicine, Rangsit University, Pathum Thani, Thailand"
7004719474,Wannee Nitiyanant,TX0248,"Medical, Health & Welfare Sciences",Clinical Medicine,Medicine (miscellaneous),4.2,1,0,0,1,0.11909271776676178,['2-s2.0-105028205401'],['Nationwide implementation of a diabetes self-management and network system improves outcomes in type 1 diabetes: real-world evidence from Thailand'],"Department of Medicine, Siriraj Hospital, Bangkok, Thailand"
6603931129,Supawadee Likitmaskul,TX0248,"Medical, Health & Welfare Sciences",Clinical Medicine,Medicine (miscellaneous),4.2,1,0,0,1,0.11909271776676178,['2-s2.0-105028205401'],['Nationwide implementation of a diabetes self-management and network system improves outcomes in type 1 diabetes: real-world evidence from Thailand'],"Department of Pediatrics, Siriraj Hospital, Bangkok, Thailand"
15080686500,Prapai Dejkhamron,TX0248,"Medical, Health & Welfare Sciences",Clinical Medicine,Medicine (miscellaneous),4.2,1,0,0,1,0.11909271776676178,['2-s2.0-105028205401'],['Nationwide implementation of a diabetes self-management and network system improves outcomes in type 1 diabetes: real-world evidence from Thailand'],"Department of Pediatrics, Faculty of Medicine, Chiang Mai University, Chiang Mai, Thailand"
58737562200,Piyaradtana Homyok,TX0251,"Medical, Health & Welfare Sciences",Clinical Medicine,Nutrition and Dietetics,12.6,1,1,0,1,0.19657111167907715,['2-s2.0-105028456957'],['Characterization of glucose transporter-targeted lipid nanoparticles for enhancing n-3 PUFA utilization in slow-growing Korat chickens'],"School of Animal Technology and Innovation, Suranaree University of Technology, Nakhon Ratchasima, Thailand"
35734712000,Wittawat Molee,TX0251,"Medical, Health & Welfare Sciences",Clinical Medicine,Nutrition and Dietetics,8.819999999999999,1,0,1,1,0.19657111167907715,['2-s2.0-105028456957'],['Characterization of glucose transporter-targeted lipid nanoparticles for enhancing n-3 PUFA utilization in slow-growing Korat chickens'],"School of Animal Technology and Innovation, Suranaree University of Technology, Nakhon Ratchasima, Thailand"
57194771297,Worapapar Treesuppharat,TX0251,"Medical, Health & Welfare Sciences",Clinical Medicine,Nutrition and Dietetics,2.52,1,0,0,1,0.19657111167907715,['2-s2.0-105028456957'],['Characterization of glucose transporter-targeted lipid nanoparticles for enhancing n-3 PUFA utilization in slow-growing Korat chickens'],"Drug Discovery and Development Center, Thammasat University, Pathum Thani, Thailand"
55342093400,Teerapong Yata,TX0251,"Medical, Health & Welfare Sciences",Clinical Medicine,Nutrition and Dietetics,2.52,1,0,0,1,0.19657111167907715,['2-s2.0-105028456957'],['Characterization of glucose transporter-targeted lipid nanoparticles for enhancing n-3 PUFA utilization in slow-growing Korat chickens'],"Department of Physiology, Chulalongkorn University, Bangkok, Thailand"
26039254300,Anyanee Kamkaew,TX0251,"Medical, Health & Welfare Sciences",Clinical Medicine,Nutrition and Dietetics,2.52,1,0,0,1,0.19657111167907715,['2-s2.0-105028456957'],['Characterization of glucose transporter-targeted lipid nanoparticles for enhancing n-3 PUFA utilization in slow-growing Korat chickens'],"School of Chemistry, Suranaree University of Technology, Nakhon Ratchasima, Thailand"
59332161400,Apipu Ariyachayut,TX0251,"Medical, Health & Welfare Sciences",Clinical Medicine,Nutrition and Dietetics,2.52,1,0,0,1,0.19657111167907715,['2-s2.0-105028456957'],['Characterization of glucose transporter-targeted lipid nanoparticles for enhancing n-3 PUFA utilization in slow-growing Korat chickens'],"Drug Discovery and Development Center, Thammasat University, Pathum Thani, Thailand"
6603521810,Cécile M. Berri,TX0251,"Medical, Health & Welfare Sciences",Clinical Medicine,Nutrition and Dietetics,2.52,1,0,0,1,0.19657111167907715,['2-s2.0-105028456957'],['Characterization of glucose transporter-targeted lipid nanoparticles for enhancing n-3 PUFA utilization in slow-growing Korat chickens'],"Université de Tours, Tours, Centre-Val de Loire, France"
11739018000,Élisabeth Baéza,TX0251,"Medical, Health & Welfare Sciences",Clinical Medicine,Nutrition and Dietetics,2.52,1,0,0,1,0.19657111167907715,['2-s2.0-105028456957'],['Characterization of glucose transporter-targeted lipid nanoparticles for enhancing n-3 PUFA utilization in slow-growing Korat chickens'],"Université de Tours, Tours, Centre-Val de Loire, France"
37009839300,Amonrat Molee,TX0251,"Medical, Health & Welfare Sciences",Clinical Medicine,Nutrition and Dietetics,2.52,1,0,0,1,0.19657111167907715,['2-s2.0-105028456957'],['Characterization of glucose transporter-targeted lipid nanoparticles for enhancing n-3 PUFA utilization in slow-growing Korat chickens'],"School of Animal Technology and Innovation, Suranaree University of Technology, Nakhon Ratchasima, Thailand"
56741360200,Winchana Srivilaithon,TX0270,"Medical, Health & Welfare Sciences",Clinical Medicine,Respiratory Care,14.7,1,0,1,1,0.18616411089897156,['2-s2.0-105027911300'],['Respiratory National Early Warning Score for 28-day mortality prediction in suspected sepsis patients in the emergency department'],"Department of Emergency Medicine, Faculty of Medicine, Thammasat University, Pathum Thani, Thailand"
57224953288,Miao Wang,TX0275,"Medical, Health & Welfare Sciences",Clinical Medicine,Surgery,24.0,1,1,0,1,0.2240253984928131,['2-s2.0-105027117834'],['Evaluating the relationship between clinician experience and accuracy in robotic-assisted dental implant placement: a retrospective study'],"College of Stomatology, Xi'an Jiaotong University, Xi'an, Shaanxi, China, Clinical Research Center of Shaanxi Province for Dental and Maxillofacial Diseases, Xi'an Jiaotong University, Xi'an, Shaanxi, China, Department of Dentistry, Xi'an Jiaotong University, Xi'an, Shaanxi, China"
55694346600,Qin Zhou,TX0275,"Medical, Health & Welfare Sciences",Clinical Medicine,Surgery,16.799999999999997,1,0,1,1,0.2240253984928131,['2-s2.0-105027117834'],['Evaluating the relationship between clinician experience and accuracy in robotic-assisted dental implant placement: a retrospective study'],"College of Stomatology, Xi'an Jiaotong University, Xi'an, Shaanxi, China, Clinical Research Center of Shaanxi Province for Dental and Maxillofacial Diseases, Xi'an Jiaotong University, Xi'an, Shaanxi, China, Department of Dentistry, Xi'an Jiaotong University, Xi'an, Shaanxi, China"
57207983940,Longlong He,TX0275,"Medical, Health & Welfare Sciences",Clinical Medicine,Surgery,4.800000000000001,1,0,0,1,0.2240253984928131,['2-s2.0-105027117834'],['Evaluating the relationship between clinician experience and accuracy in robotic-assisted dental implant placement: a retrospective study'],"College of Stomatology, Xi'an Jiaotong University, Xi'an, Shaanxi, China, Clinical Research Center of Shaanxi Province for Dental and Maxillofacial Diseases, Xi'an Jiaotong University, Xi'an, Shaanxi, China, Department of Dentistry, Xi'an Jiaotong University, Xi'an, Shaanxi, China"
60310094800,Intad Sriprasert,TX0275,"Medical, Health & Welfare Sciences",Clinical Medicine,Surgery,4.800000000000001,1,0,0,1,0.2240253984928131,['2-s2.0-105027117834'],['Evaluating the relationship between clinician experience and accuracy in robotic-assisted dental implant placement: a retrospective study'],"Periodontics Division, Thammasat University, Pathum Thani, Thailand"
60310963000,Xinxuan Wang,TX0275,"Medical, Health & Welfare Sciences",Clinical Medicine,Surgery,4.800000000000001,1,0,0,1,0.2240253984928131,['2-s2.0-105027117834'],['Evaluating the relationship between clinician experience and accuracy in robotic-assisted dental implant placement: a retrospective study'],"Stomatology Center, Southern Medical University, Guangzhou, Guangdong, China"
60309743800,Xiaoxuan Cui,TX0275,"Medical, Health & Welfare Sciences",Clinical Medicine,Surgery,4.800000000000001,1,0,0,1,0.2240253984928131,['2-s2.0-105027117834'],['Evaluating the relationship between clinician experience and accuracy in robotic-assisted dental implant placement: a retrospective study'],"College of Stomatology, Xi'an Jiaotong University, Xi'an, Shaanxi, China, Clinical Research Center of Shaanxi Province for Dental and Maxillofacial Diseases, Xi'an Jiaotong University, Xi'an, Shaanxi, China, Department of Dentistry, Xi'an Jiaotong University, Xi'an, Shaanxi, China"
57224954587,Huixia Zhou,TX0275,"Medical, Health & Welfare Sciences",Clinical Medicine,Surgery,4.800000000000001,1,0,0,1,0.2240253984928131,['2-s2.0-105027117834'],['Evaluating the relationship between clinician experience and accuracy in robotic-assisted dental implant placement: a retrospective study'],"College of Stomatology, Xi'an Jiaotong University, Xi'an, Shaanxi, China, Clinical Research Center of Shaanxi Province for Dental and Maxillofacial Diseases, Xi'an Jiaotong University, Xi'an, Shaanxi, China, Department of Dentistry, Xi'an Jiaotong University, Xi'an, Shaanxi, China"
58120446800,Chengpeng Lv,TX0275,"Medical, Health & Welfare Sciences",Clinical Medicine,Surgery,4.800000000000001,1,0,0,1,0.2240253984928131,['2-s2.0-105027117834'],['Evaluating the relationship between clinician experience and accuracy in robotic-assisted dental implant placement: a retrospective study'],"College of Stomatology, Xi'an Jiaotong University, Xi'an, Shaanxi, China, Clinical Research Center of Shaanxi Province for Dental and Maxillofacial Diseases, Xi'an Jiaotong University, Xi'an, Shaanxi, China"
57222326460,Waiman Tong,TX0275,"Medical, Health & Welfare Sciences",Clinical Medicine,Surgery,4.800000000000001,1,0,0,1,0.2240253984928131,['2-s2.0-105027117834'],['Evaluating the relationship between clinician experience and accuracy in robotic-assisted dental implant placement: a retrospective study'],"Faculty of Dentistry, The University of Hong Kong, Hong Kong, Hong Kong"
57540305000,Wai Keung Leung,TX0275,"Medical, Health & Welfare Sciences",Clinical Medicine,Surgery,4.800000000000001,1,0,0,1,0.2240253984928131,['2-s2.0-105027117834'],['Evaluating the relationship between clinician experience and accuracy in robotic-assisted dental implant placement: a retrospective study'],"Faculty of Dentistry, The University of Hong Kong, Hong Kong, Hong Kong"
16315249500,Siriporn Athisakul,TX0275,"Medical, Health & Welfare Sciences",Clinical Medicine,Surgery,4.2,1,0,0,1,0.09433011710643768,['2-s2.0-105026963296'],['Real-world study to compare functional SYNTAX score versus anatomical SYNTAX score in influencing the treatment strategy for multivessel disease patients'],"Division of Cardiology, King Chulalongkorn Memorial Hospital, Bangkok, Thailand"
55599644500,Raymond Chi Yan Fung,TX0275,"Medical, Health & Welfare Sciences",Clinical Medicine,Surgery,4.2,1,0,0,1,0.09433011710643768,['2-s2.0-105026963296'],['Real-world study to compare functional SYNTAX score versus anatomical SYNTAX score in influencing the treatment strategy for multivessel disease patients'],"Department of Medicine and Geriatrics, Princess Margaret Hospital Hong Kong, Hong Kong, China"
57225901432,Rajesh Muralidharan,TX0275,"Medical, Health & Welfare Sciences",Clinical Medicine,Surgery,4.2,1,0,0,1,0.09433011710643768,['2-s2.0-105026963296'],['Real-world study to compare functional SYNTAX score versus anatomical SYNTAX score in influencing the treatment strategy for multivessel disease patients'],"Department of Cardiology, Baby Memorial Hospital, Kozhikode, KL, India"
6507809256,Wirash Kehasukcharoen,TX0275,"Medical, Health & Welfare Sciences",Clinical Medicine,Surgery,4.2,1,0,0,1,0.09433011710643768,['2-s2.0-105026963296'],['Real-world study to compare functional SYNTAX score versus anatomical SYNTAX score in influencing the treatment strategy for multivessel disease patients'],"Division of Cardiology, Central Chest Institute of Thailand, Nontaburi, Nonthaburi, Thailand"
35763671600,Anuruck Jeamanukoolkit,TX0275,"Medical, Health & Welfare Sciences",Clinical Medicine,Surgery,4.2,1,0,0,1,0.09433011710643768,['2-s2.0-105026963296'],['Real-world study to compare functional SYNTAX score versus anatomical SYNTAX score in influencing the treatment strategy for multivessel disease patients'],"Division of Cardiology, Chulabhorn Royal Academy, Bangkok, Thailand"
26643791000,Davinder Singh Chadha,TX0275,"Medical, Health & Welfare Sciences",Clinical Medicine,Surgery,4.2,1,0,0,1,0.09433011710643768,['2-s2.0-105026963296'],['Real-world study to compare functional SYNTAX score versus anatomical SYNTAX score in influencing the treatment strategy for multivessel disease patients'],"Department of Cardiology, Manipal Hospitals Bangalore, Bengaluru, KA, India"
35607066400,Chaiyasith Wongvipaporn,TX0275,"Medical, Health & Welfare Sciences",Clinical Medicine,Surgery,4.2,1,0,0,1,0.09433011710643768,['2-s2.0-105026963296'],['Real-world study to compare functional SYNTAX score versus anatomical SYNTAX score in influencing the treatment strategy for multivessel disease patients'],"Division of Cardiology, Srinagarind Hospital, Khon Kaen, Khon Kaen, Thailand"
6507086339,Mann Chandavimol,TX0275,"Medical, Health & Welfare Sciences",Clinical Medicine,Surgery,4.2,1,0,0,1,0.09433011710643768,['2-s2.0-105026963296'],['Real-world study to compare functional SYNTAX score versus anatomical SYNTAX score in influencing the treatment strategy for multivessel disease patients'],"Department of Internal Medicine, Ramathibodi Hospital, Bangkok, Thailand"
26024081200,Noppadol Chamnarnphol,TX0275,"Medical, Health & Welfare Sciences",Clinical Medicine,Surgery,4.2,1,0,0,1,0.09433011710643768,['2-s2.0-105026963296'],['Real-world study to compare functional SYNTAX score versus anatomical SYNTAX score in influencing the treatment strategy for multivessel disease patients'],"Division of Cardiology, Faculty of Medicine, Prince of Songkla University, Hatyai, Thailand"
57203933453,Sivakumar Rathnavel,TX0275,"Medical, Health & Welfare Sciences",Clinical Medicine,Surgery,4.2,1,0,0,1,0.09433011710643768,['2-s2.0-105026963296'],['Real-world study to compare functional SYNTAX score versus anatomical SYNTAX score in influencing the treatment strategy for multivessel disease patients'],"Department of Cardiology, Meenakshi Mission Hospital and Research Centre, Madurai, TN, India"
55963468800,Simon Cheung Chi Lam,TX0275,"Medical, Health & Welfare Sciences",Clinical Medicine,Surgery,4.2,1,0,0,1,0.09433011710643768,['2-s2.0-105026963296'],['Real-world study to compare functional SYNTAX score versus anatomical SYNTAX score in influencing the treatment strategy for multivessel disease patients'],"Department of Medicine, Queen Mary Hospital Hong Kong, Hong Kong, Hong Kong"
57215831412,Gahn Duangprasert,TX0282,"Medical, Health & Welfare Sciences",Dentistry & Oral Health,Oral Surgery,10.8,1,1,0,1,0.31059104204177856,['2-s2.0-105027694252'],['Minimally invasive single-stage hybrid strategy for ruptured dissecting fusiform proximal posterior inferior cerebellar artery aneurysm: how I do it'],"Department of Surgery, Faculty of Medicine, Thammasat University, Pathum Thani, Thailand"
55332722200,Dilok Tantongtip,TX0282,"Medical, Health & Welfare Sciences",Dentistry & Oral Health,Oral Surgery,7.56,1,0,1,1,0.31059104204177856,['2-s2.0-105027694252'],['Minimally invasive single-stage hybrid strategy for ruptured dissecting fusiform proximal posterior inferior cerebellar artery aneurysm: how I do it'],"Department of Surgery, Faculty of Medicine, Thammasat University, Pathum Thani, Thailand"
56741468900,Kiattichai Daorattanachai,TX0305,"Medical, Health & Welfare Sciences",Nursing & Allied Health,Critical Care Nursing,24.0,1,1,0,1,0.4591916799545288,['2-s2.0-105027911300'],['Respiratory National Early Warning Score for 28-day mortality prediction in suspected sepsis patients in the emergency department'],"Department of Emergency Medicine, Faculty of Medicine, Thammasat University, Pathum Thani, Thailand"
56741360200,Winchana Srivilaithon,TX0305,"Medical, Health & Welfare Sciences",Nursing & Allied Health,Critical Care Nursing,16.799999999999997,1,0,1,1,0.4591916799545288,['2-s2.0-105027911300'],['Respiratory National Early Warning Score for 28-day mortality prediction in suspected sepsis patients in the emergency department'],"Department of Emergency Medicine, Faculty of Medicine, Thammasat University, Pathum Thani, Thailand"
60338787700,Sasimanee Maithong,TX0305,"Medical, Health & Welfare Sciences",Nursing & Allied Health,Critical Care Nursing,4.800000000000001,1,0,0,1,0.4591916799545288,['2-s2.0-105027911300'],['Respiratory National Early Warning Score for 28-day mortality prediction in suspected sepsis patients in the emergency department'],"Department of Emergency Medicine, Faculty of Medicine, Thammasat University, Pathum Thani, Thailand"
57190818365,Sinee Weschawalit,TX0305,"Medical, Health & Welfare Sciences",Nursing & Allied Health,Critical Care Nursing,4.800000000000001,1,0,0,1,0.4591916799545288,['2-s2.0-105027911300'],['Respiratory National Early Warning Score for 28-day mortality prediction in suspected sepsis patients in the emergency department'],"Department of Internal Medicine, Faculty of Medicine, Thammasat University, Pathum Thani, Thailand"
47661782000,Pariwat Phungoen,TX0305,"Medical, Health & Welfare Sciences",Nursing & Allied Health,Critical Care Nursing,4.800000000000001,1,0,0,1,0.4591916799545288,['2-s2.0-105027911300'],['Respiratory National Early Warning Score for 28-day mortality prediction in suspected sepsis patients in the emergency department'],"Department of Emergency Medicine, Faculty of Medicine, Khon Kaen University, Khon Kaen, Thailand"
6602383495,Nattawut Wongpraparut,TX0331,"Medical, Health & Welfare Sciences",Rehabilitation & Therapy,Physical Therapy,24.0,1,1,1,1,0.17978313565254211,['2-s2.0-105026963296'],['Real-world study to compare functional SYNTAX score versus anatomical SYNTAX score in influencing the treatment strategy for multivessel disease patients'],"Department of Medicine, Siriraj Hospital, Bangkok, Thailand"
6507086339,Mann Chandavimol,TX0331,"Medical, Health & Welfare Sciences",Rehabilitation & Therapy,Physical Therapy,4.800000000000001,1,0,0,1,0.17978313565254211,['2-s2.0-105026963296'],['Real-world study to compare functional SYNTAX score versus anatomical SYNTAX score in influencing the treatment strategy for multivessel disease patients'],"Department of Internal Medicine, Ramathibodi Hospital, Bangkok, Thailand"
56454416400,Pannipa Suwannasom,TX0331,"Medical, Health & Welfare Sciences",Rehabilitation & Therapy,Physical Therapy,4.800000000000001,1,0,0,1,0.17978313565254211,['2-s2.0-105026963296'],['Real-world study to compare functional SYNTAX score versus anatomical SYNTAX score in influencing the treatment strategy for multivessel disease patients'],"Division of Cardiology, Faculty of Medicine, Chiang Mai University, Chiang Mai, Thailand"
59264841700,Manish Narang,TX0331,"Medical, Health & Welfare Sciences",Rehabilitation & Therapy,Physical Therapy,4.800000000000001,1,0,0,1,0.17978313565254211,['2-s2.0-105026963296'],['Real-world study to compare functional SYNTAX score versus anatomical SYNTAX score in influencing the treatment strategy for multivessel disease patients'],"Department of Medical Affairs, Abbott Laboratories, Chicago, IL, United States"
58098370000,Ramneek Kaur,TX0331,"Medical, Health & Welfare Sciences",Rehabilitation & Therapy,Physical Therapy,4.800000000000001,1,0,0,1,0.17978313565254211,['2-s2.0-105026963296'],['Real-world study to compare functional SYNTAX score versus anatomical SYNTAX score in influencing the treatment strategy for multivessel disease patients'],"Department of Medical Affairs, Abbott Laboratories, Chicago, IL, United States"
55252743000,Thunnop Chotivanawan,TX0331,"Medical, Health & Welfare Sciences",Rehabilitation & Therapy,Physical Therapy,4.800000000000001,1,0,0,1,0.17978313565254211,['2-s2.0-105026963296'],['Real-world study to compare functional SYNTAX score versus anatomical SYNTAX score in influencing the treatment strategy for multivessel disease patients'],"Division of Cardiology, Faculty of Medicine, Thammasat University, Pathum Thani, Thailand"
15030266000,Unchalee Permsuwan,TX0331,"Medical, Health & Welfare Sciences",Rehabilitation & Therapy,Physical Therapy,4.800000000000001,1,0,0,1,0.17978313565254211,['2-s2.0-105026963296'],['Real-world study to compare functional SYNTAX score versus anatomical SYNTAX score in influencing the treatment strategy for multivessel disease patients'],"Department of Pharmacology, Chiang Mai University, Chiang Mai, Chiang Mai, Thailand"
57203933453,Sivakumar Rathnavel,TX0331,"Medical, Health & Welfare Sciences",Rehabilitation & Therapy,Physical Therapy,4.800000000000001,1,0,0,1,0.17978313565254211,['2-s2.0-105026963296'],['Real-world study to compare functional SYNTAX score versus anatomical SYNTAX score in influencing the treatment strategy for multivessel disease patients'],"Department of Cardiology, Meenakshi Mission Hospital and Research Centre, Madurai, TN, India"
55963468800,Simon Cheung Chi Lam,TX0331,"Medical, Health & Welfare Sciences",Rehabilitation & Therapy,Physical Therapy,4.800000000000001,1,0,0,1,0.17978313565254211,['2-s2.0-105026963296'],['Real-world study to compare functional SYNTAX score versus anatomical SYNTAX score in influencing the treatment strategy for multivessel disease patients'],"Department of Medicine, Queen Mary Hospital Hong Kong, Hong Kong, Hong Kong"
15063432000,Nakarin Sansanayudh,TX0331,"Medical, Health & Welfare Sciences",Rehabilitation & Therapy,Physical Therapy,4.800000000000001,1,0,0,1,0.17978313565254211,['2-s2.0-105026963296'],['Real-world study to compare functional SYNTAX score versus anatomical SYNTAX score in influencing the treatment strategy for multivessel disease patients'],"Department of Medicine, Pramongkutklao Hospital, Bangkok, Thailand"
26024081200,Noppadol Chamnarnphol,TX0331,"Medical, Health & Welfare Sciences",Rehabilitation & Therapy,Physical Therapy,4.800000000000001,1,0,0,1,0.17978313565254211,['2-s2.0-105026963296'],['Real-world study to compare functional SYNTAX score versus anatomical SYNTAX score in influencing the treatment strategy for multivessel disease patients'],"Division of Cardiology, Faculty of Medicine, Prince of Songkla University, Hatyai, Thailand"
26643791000,Davinder Singh Chadha,TX0331,"Medical, Health & Welfare Sciences",Rehabilitation & Therapy,Physical Therapy,4.800000000000001,1,0,0,1,0.17978313565254211,['2-s2.0-105026963296'],['Real-world study to compare functional SYNTAX score versus anatomical SYNTAX score in influencing the treatment strategy for multivessel disease patients'],"Department of Cardiology, Manipal Hospitals Bangalore, Bengaluru, KA, India"
35763671600,Anuruck Jeamanukoolkit,TX0331,"Medical, Health & Welfare Sciences",Rehabilitation & Therapy,Physical Therapy,4.800000000000001,1,0,0,1,0.17978313565254211,['2-s2.0-105026963296'],['Real-world study to compare functional SYNTAX score versus anatomical SYNTAX score in influencing the treatment strategy for multivessel disease patients'],"Division of Cardiology, Chulabhorn Royal Academy, Bangkok, Thailand"
6507809256,Wirash Kehasukcharoen,TX0331,"Medical, Health & Welfare Sciences",Rehabilitation & Therapy,Physical Therapy,4.800000000000001,1,0,0,1,0.17978313565254211,['2-s2.0-105026963296'],['Real-world study to compare functional SYNTAX score versus anatomical SYNTAX score in influencing the treatment strategy for multivessel disease patients'],"Division of Cardiology, Central Chest Institute of Thailand, Nontaburi, Nonthaburi, Thailand"
57225901432,Rajesh Muralidharan,TX0331,"Medical, Health & Welfare Sciences",Rehabilitation & Therapy,Physical Therapy,4.800000000000001,1,0,0,1,0.17978313565254211,['2-s2.0-105026963296'],['Real-world study to compare functional SYNTAX score versus anatomical SYNTAX score in influencing the treatment strategy for multivessel disease patients'],"Department of Cardiology, Baby Memorial Hospital, Kozhikode, KL, India"
35607066400,Chaiyasith Wongvipaporn,TX0331,"Medical, Health & Welfare Sciences",Rehabilitation & Therapy,Physical Therapy,4.800000000000001,1,0,0,1,0.17978313565254211,['2-s2.0-105026963296'],['Real-world study to compare functional SYNTAX score versus anatomical SYNTAX score in influencing the treatment strategy for multivessel disease patients'],"Division of Cardiology, Srinagarind Hospital, Khon Kaen, Khon Kaen, Thailand"
55539229800,Worawut Roongsangmanoon,TX0331,"Medical, Health & Welfare Sciences",Rehabilitation & Therapy,Physical Therapy,4.800000000000001,1,0,0,1,0.17978313565254211,['2-s2.0-105026963296'],['Real-world study to compare functional SYNTAX score versus anatomical SYNTAX score in influencing the treatment strategy for multivessel disease patients'],"Department of Medicine, Faculty of Medicine, Srinakharinwirot University, Bangkok, Thailand"
16315249500,Siriporn Athisakul,TX0331,"Medical, Health & Welfare Sciences",Rehabilitation & Therapy,Physical Therapy,4.800000000000001,1,0,0,1,0.17978313565254211,['2-s2.0-105026963296'],['Real-world study to compare functional SYNTAX score versus anatomical SYNTAX score in influencing the treatment strategy for multivessel disease patients'],"Division of Cardiology, King Chulalongkorn Memorial Hospital, Bangkok, Thailand"
55599644500,Raymond Chi Yan Fung,TX0331,"Medical, Health & Welfare Sciences",Rehabilitation & Therapy,Physical Therapy,4.800000000000001,1,0,0,1,0.17978313565254211,['2-s2.0-105026963296'],['Real-world study to compare functional SYNTAX score versus anatomical SYNTAX score in influencing the treatment strategy for multivessel disease patients'],"Department of Medicine and Geriatrics, Princess Margaret Hospital Hong Kong, Hong Kong, China"
57190818365,Sinee Weschawalit,TX0383,Social Sciences,Social Theory & Society,Health (social science),4.2,1,0,0,1,0.144536554813385,['2-s2.0-105027911300'],['Respiratory National Early Warning Score for 28-day mortality prediction in suspected sepsis patients in the emergency department'],"Department of Internal Medicine, Faculty of Medicine, Thammasat University, Pathum Thani, Thailand"
57201254046,Kroonpong Iampenkhae,TX0390,Social Sciences,"Sociology, Anthropology & Social Work",Life-span and Life-course Studies,6.3,1,1,0,1,0.0663926973938942,['2-s2.0-105026215904'],"['Comparative Analysis of Equivocal (2+) and Positive (3+) HER2 Immunohistochemistry (IHC) and Bright-Field Dual-Color In Situ Hybridization (DISH) in Primary Breast Cancer From 1,307 Node-Positive Patients']","Department of Pathology, Faculty of Medicine, Chulalongkorn University, Bangkok, Thailand, King Chulalongkorn Memorial Hospital, Bangkok, Thailand"
59389384300,Chawinthorn Vuthithammee,TX0390,Social Sciences,"Sociology, Anthropology & Social Work",Life-span and Life-course Studies,1.26,1,0,0,1,0.0663926973938942,['2-s2.0-105026215904'],"['Comparative Analysis of Equivocal (2+) and Positive (3+) HER2 Immunohistochemistry (IHC) and Bright-Field Dual-Color In Situ Hybridization (DISH) in Primary Breast Cancer From 1,307 Node-Positive Patients']","Department of Pathology, Faculty of Medicine, Chulalongkorn University, Bangkok, Thailand, King Chulalongkorn Memorial Hospital, Bangkok, Thailand"
6602383495,Nattawut Wongpraparut,TX0406,"Business, Management, Economics & Law",Business & Management,Strategy and Management,24.0,1,1,1,1,0.06366381049156189,['2-s2.0-105026963296'],['Real-world study to compare functional SYNTAX score versus anatomical SYNTAX score in influencing the treatment strategy for multivessel disease patients'],"Department of Medicine, Siriraj Hospital, Bangkok, Thailand"
57215831412,Gahn Duangprasert,TX0406,"Business, Management, Economics & Law",Business & Management,Strategy and Management,18.0,1,1,0,1,0.10437025129795074,['2-s2.0-105027694252'],['Minimally invasive single-stage hybrid strategy for ruptured dissecting fusiform proximal posterior inferior cerebellar artery aneurysm: how I do it'],"Department of Surgery, Faculty of Medicine, Thammasat University, Pathum Thani, Thailand"
55332722200,Dilok Tantongtip,TX0406,"Business, Management, Economics & Law",Business & Management,Strategy and Management,12.6,1,0,1,1,0.10437025129795074,['2-s2.0-105027694252'],['Minimally invasive single-stage hybrid strategy for ruptured dissecting fusiform proximal posterior inferior cerebellar artery aneurysm: how I do it'],"Department of Surgery, Faculty of Medicine, Thammasat University, Pathum Thani, Thailand"
6507086339,Mann Chandavimol,TX0406,"Business, Management, Economics & Law",Business & Management,Strategy and Management,4.800000000000001,1,0,0,1,0.06366381049156189,['2-s2.0-105026963296'],['Real-world study to compare functional SYNTAX score versus anatomical SYNTAX score in influencing the treatment strategy for multivessel disease patients'],"Department of Internal Medicine, Ramathibodi Hospital, Bangkok, Thailand"
55252743000,Thunnop Chotivanawan,TX0406,"Business, Management, Economics & Law",Business & Management,Strategy and Management,4.800000000000001,1,0,0,1,0.06366381049156189,['2-s2.0-105026963296'],['Real-world study to compare functional SYNTAX score versus anatomical SYNTAX score in influencing the treatment strategy for multivessel disease patients'],"Division of Cardiology, Faculty of Medicine, Thammasat University, Pathum Thani, Thailand"
56454416400,Pannipa Suwannasom,TX0406,"Business, Management, Economics & Law",Business & Management,Strategy and Management,4.800000000000001,1,0,0,1,0.06366381049156189,['2-s2.0-105026963296'],['Real-world study to compare functional SYNTAX score versus anatomical SYNTAX score in influencing the treatment strategy for multivessel disease patients'],"Division of Cardiology, Faculty of Medicine, Chiang Mai University, Chiang Mai, Thailand"
59264841700,Manish Narang,TX0406,"Business, Management, Economics & Law",Business & Management,Strategy and Management,4.800000000000001,1,0,0,1,0.06366381049156189,['2-s2.0-105026963296'],['Real-world study to compare functional SYNTAX score versus anatomical SYNTAX score in influencing the treatment strategy for multivessel disease patients'],"Department of Medical Affairs, Abbott Laboratories, Chicago, IL, United States"
58098370000,Ramneek Kaur,TX0406,"Business, Management, Economics & Law",Business & Management,Strategy and Management,4.800000000000001,1,0,0,1,0.06366381049156189,['2-s2.0-105026963296'],['Real-world study to compare functional SYNTAX score versus anatomical SYNTAX score in influencing the treatment strategy for multivessel disease patients'],"Department of Medical Affairs, Abbott Laboratories, Chicago, IL, United States"
15030266000,Unchalee Permsuwan,TX0406,"Business, Management, Economics & Law",Business & Management,Strategy and Management,4.800000000000001,1,0,0,1,0.06366381049156189,['2-s2.0-105026963296'],['Real-world study to compare functional SYNTAX score versus anatomical SYNTAX score in influencing the treatment strategy for multivessel disease patients'],"Department of Pharmacology, Chiang Mai University, Chiang Mai, Chiang Mai, Thailand"
57203933453,Sivakumar Rathnavel,TX0406,"Business, Management, Economics & Law",Business & Management,Strategy and Management,4.800000000000001,1,0,0,1,0.06366381049156189,['2-s2.0-105026963296'],['Real-world study to compare functional SYNTAX score versus anatomical SYNTAX score in influencing the treatment strategy for multivessel disease patients'],"Department of Cardiology, Meenakshi Mission Hospital and Research Centre, Madurai, TN, India"
15063432000,Nakarin Sansanayudh,TX0406,"Business, Management, Economics & Law",Business & Management,Strategy and Management,4.800000000000001,1,0,0,1,0.06366381049156189,['2-s2.0-105026963296'],['Real-world study to compare functional SYNTAX score versus anatomical SYNTAX score in influencing the treatment strategy for multivessel disease patients'],"Department of Medicine, Pramongkutklao Hospital, Bangkok, Thailand"
55963468800,Simon Cheung Chi Lam,TX0406,"Business, Management, Economics & Law",Business & Management,Strategy and Management,4.800000000000001,1,0,0,1,0.06366381049156189,['2-s2.0-105026963296'],['Real-world study to compare functional SYNTAX score versus anatomical SYNTAX score in influencing the treatment strategy for multivessel disease patients'],"Department of Medicine, Queen Mary Hospital Hong Kong, Hong Kong, Hong Kong"
26024081200,Noppadol Chamnarnphol,TX0406,"Business, Management, Economics & Law",Business & Management,Strategy and Management,4.800000000000001,1,0,0,1,0.06366381049156189,['2-s2.0-105026963296'],['Real-world study to compare functional SYNTAX score versus anatomical SYNTAX score in influencing the treatment strategy for multivessel disease patients'],"Division of Cardiology, Faculty of Medicine, Prince of Songkla University, Hatyai, Thailand"
55539229800,Worawut Roongsangmanoon,TX0406,"Business, Management, Economics & Law",Business & Management,Strategy and Management,4.800000000000001,1,0,0,1,0.06366381049156189,['2-s2.0-105026963296'],['Real-world study to compare functional SYNTAX score versus anatomical SYNTAX score in influencing the treatment strategy for multivessel disease patients'],"Department of Medicine, Faculty of Medicine, Srinakharinwirot University, Bangkok, Thailand"
26643791000,Davinder Singh Chadha,TX0406,"Business, Management, Economics & Law",Business & Management,Strategy and Management,4.800000000000001,1,0,0,1,0.06366381049156189,['2-s2.0-105026963296'],['Real-world study to compare functional SYNTAX score versus anatomical SYNTAX score in influencing the treatment strategy for multivessel disease patients'],"Department of Cardiology, Manipal Hospitals Bangalore, Bengaluru, KA, India"
35763671600,Anuruck Jeamanukoolkit,TX0406,"Business, Management, Economics & Law",Business & Management,Strategy and Management,4.800000000000001,1,0,0,1,0.06366381049156189,['2-s2.0-105026963296'],['Real-world study to compare functional SYNTAX score versus anatomical SYNTAX score in influencing the treatment strategy for multivessel disease patients'],"Division of Cardiology, Chulabhorn Royal Academy, Bangkok, Thailand"
6507809256,Wirash Kehasukcharoen,TX0406,"Business, Management, Economics & Law",Business & Management,Strategy and Management,4.800000000000001,1,0,0,1,0.06366381049156189,['2-s2.0-105026963296'],['Real-world study to compare functional SYNTAX score versus anatomical SYNTAX score in influencing the treatment strategy for multivessel disease patients'],"Division of Cardiology, Central Chest Institute of Thailand, Nontaburi, Nonthaburi, Thailand"
16315249500,Siriporn Athisakul,TX0406,"Business, Management, Economics & Law",Business & Management,Strategy and Management,4.800000000000001,1,0,0,1,0.06366381049156189,['2-s2.0-105026963296'],['Real-world study to compare functional SYNTAX score versus anatomical SYNTAX score in influencing the treatment strategy for multivessel disease patients'],"Division of Cardiology, King Chulalongkorn Memorial Hospital, Bangkok, Thailand"
55599644500,Raymond Chi Yan Fung,TX0406,"Business, Management, Economics & Law",Business & Management,Strategy and Management,4.800000000000001,1,0,0,1,0.06366381049156189,['2-s2.0-105026963296'],['Real-world study to compare functional SYNTAX score versus anatomical SYNTAX score in influencing the treatment strategy for multivessel disease patients'],"Department of Medicine and Geriatrics, Princess Margaret Hospital Hong Kong, Hong Kong, China"
57225901432,Rajesh Muralidharan,TX0406,"Business, Management, Economics & Law",Business & Management,Strategy and Management,4.800000000000001,1,0,0,1,0.06366381049156189,['2-s2.0-105026963296'],['Real-world study to compare functional SYNTAX score versus anatomical SYNTAX score in influencing the treatment strategy for multivessel disease patients'],"Department of Cardiology, Baby Memorial Hospital, Kozhikode, KL, India"
35607066400,Chaiyasith Wongvipaporn,TX0406,"Business, Management, Economics & Law",Business & Management,Strategy and Management,4.800000000000001,1,0,0,1,0.06366381049156189,['2-s2.0-105026963296'],['Real-world study to compare functional SYNTAX score versus anatomical SYNTAX score in influencing the treatment strategy for multivessel disease patients'],"Division of Cardiology, Srinagarind Hospital, Khon Kaen, Khon Kaen, Thailand"
57715149600,Sompon Apornvirat,TX0412,"Business, Management, Economics & Law",Economics & Econometrics,Other economics,4.409999999999999,1,0,1,1,0.03479791060090065,['2-s2.0-105026215904'],"['Comparative Analysis of Equivocal (2+) and Positive (3+) HER2 Immunohistochemistry (IHC) and Bright-Field Dual-Color In Situ Hybridization (DISH) in Primary Breast Cancer From 1,307 Node-Positive Patients']","Thammasat University, Pathum Thani, Thailand"
58921522900,Adiluck Pisutpunya,TX0412,"Business, Management, Economics & Law",Economics & Econometrics,Other economics,1.26,1,0,0,1,0.03479791060090065,['2-s2.0-105026215904'],"['Comparative Analysis of Equivocal (2+) and Positive (3+) HER2 Immunohistochemistry (IHC) and Bright-Field Dual-Color In Situ Hybridization (DISH) in Primary Breast Cancer From 1,307 Node-Positive Patients']","Department of Pathology, Faculty of Medicine, Thammasat University, Pathum Thani, Thailand"
60260989900,Piyakawin Sodsoon,TX0412,"Business, Management, Economics & Law",Economics & Econometrics,Other economics,1.26,1,0,0,1,0.03479791060090065,['2-s2.0-105026215904'],"['Comparative Analysis of Equivocal (2+) and Positive (3+) HER2 Immunohistochemistry (IHC) and Bright-Field Dual-Color In Situ Hybridization (DISH) in Primary Breast Cancer From 1,307 Node-Positive Patients']","Department of Pathology, Faculty of Medicine, Chulalongkorn University, Bangkok, Thailand, King Chulalongkorn Memorial Hospital, Bangkok, Thailand"
55694346600,Qin Zhou,TX0415,"Business, Management, Economics & Law",Finance & Accounting,Finance,10.08,1,0,1,1,0.1852816492319107,['2-s2.0-105027117834'],['Evaluating the relationship between clinician experience and accuracy in robotic-assisted dental implant placement: a retrospective study'],"College of Stomatology, Xi'an Jiaotong University, Xi'an, Shaanxi, China, Clinical Research Center of Shaanxi Province for Dental and Maxillofacial Diseases, Xi'an Jiaotong University, Xi'an, Shaanxi, China, Department of Dentistry, Xi'an Jiaotong University, Xi'an, Shaanxi, China"
57224954587,Huixia Zhou,TX0415,"Business, Management, Economics & Law",Finance & Accounting,Finance,2.8800000000000003,1,0,0,1,0.1852816492319107,['2-s2.0-105027117834'],['Evaluating the relationship between clinician experience and accuracy in robotic-assisted dental implant placement: a retrospective study'],"College of Stomatology, Xi'an Jiaotong University, Xi'an, Shaanxi, China, Clinical Research Center of Shaanxi Province for Dental and Maxillofacial Diseases, Xi'an Jiaotong University, Xi'an, Shaanxi, China, Department of Dentistry, Xi'an Jiaotong University, Xi'an, Shaanxi, China"
57540305000,Wai Keung Leung,TX0415,"Business, Management, Economics & Law",Finance & Accounting,Finance,2.8800000000000003,1,0,0,1,0.1852816492319107,['2-s2.0-105027117834'],['Evaluating the relationship between clinician experience and accuracy in robotic-assisted dental implant placement: a retrospective study'],"Faculty of Dentistry, The University of Hong Kong, Hong Kong, Hong Kong"
57222326460,Waiman Tong,TX0415,"Business, Management, Economics & Law",Finance & Accounting,Finance,2.8800000000000003,1,0,0,1,0.1852816492319107,['2-s2.0-105027117834'],['Evaluating the relationship between clinician experience and accuracy in robotic-assisted dental implant placement: a retrospective study'],"Faculty of Dentistry, The University of Hong Kong, Hong Kong, Hong Kong"
60310963000,Xinxuan Wang,TX0415,"Business, Management, Economics & Law",Finance & Accounting,Finance,2.8800000000000003,1,0,0,1,0.1852816492319107,['2-s2.0-105027117834'],['Evaluating the relationship between clinician experience and accuracy in robotic-assisted dental implant placement: a retrospective study'],"Stomatology Center, Southern Medical University, Guangzhou, Guangdong, China"
60310094800,Intad Sriprasert,TX0415,"Business, Management, Economics & Law",Finance & Accounting,Finance,2.8800000000000003,1,0,0,1,0.1852816492319107,['2-s2.0-105027117834'],['Evaluating the relationship between clinician experience and accuracy in robotic-assisted dental implant placement: a retrospective study'],"Periodontics Division, Thammasat University, Pathum Thani, Thailand"
57207983940,Longlong He,TX0415,"Business, Management, Economics & Law",Finance & Accounting,Finance,2.8800000000000003,1,0,0,1,0.1852816492319107,['2-s2.0-105027117834'],['Evaluating the relationship between clinician experience and accuracy in robotic-assisted dental implant placement: a retrospective study'],"College of Stomatology, Xi'an Jiaotong University, Xi'an, Shaanxi, China, Clinical Research Center of Shaanxi Province for Dental and Maxillofacial Diseases, Xi'an Jiaotong University, Xi'an, Shaanxi, China, Department of Dentistry, Xi'an Jiaotong University, Xi'an, Shaanxi, China"
6508382189,Sittiruk Roytrakul,TX0415,"Business, Management, Economics & Law",Finance & Accounting,Finance,2.52,1,0,0,1,0.028864311054348946,['2-s2.0-105027463634'],['Plasma proteomic signatures in HIV-infected individuals post-SARS-CoV-2 infection'],"Thailand National Center for Genetic Engineering and Biotechnology, Pathum Thani, Pathum Thani, Thailand"
9842302600,Chareeporn Akekawatchai,TX0415,"Business, Management, Economics & Law",Finance & Accounting,Finance,2.52,1,0,0,1,0.028864311054348946,['2-s2.0-105027463634'],['Plasma proteomic signatures in HIV-infected individuals post-SARS-CoV-2 infection'],"Thammasat University, Pathum Thani, Thailand, Department of Medical Technology, Thammasat University, Pathum Thani, Thailand"
57221478348,Janya Khattiya,TX0415,"Business, Management, Economics & Law",Finance & Accounting,Finance,2.52,1,0,0,1,0.028864311054348946,['2-s2.0-105027463634'],['Plasma proteomic signatures in HIV-infected individuals post-SARS-CoV-2 infection'],"Thammasat University, Pathum Thani, Thailand"
24336490900,Thipaporn Tharavanij,TX0424,"Business, Management, Economics & Law",Management Information Systems,Information Systems and Management,24.0,1,1,0,1,0.16459614038467407,['2-s2.0-105028205401'],['Nationwide implementation of a diabetes self-management and network system improves outcomes in type 1 diabetes: real-world evidence from Thailand'],"Department of Medicine, Faculty of Medicine, Thammasat University, Pathum Thani, Thailand, Thammasat University Hospital, Pathum Thani, Thailand"
56741468900,Kiattichai Daorattanachai,TX0424,"Business, Management, Economics & Law",Management Information Systems,Information Systems and Management,21.0,1,1,0,1,0.025017984211444855,['2-s2.0-105027911300'],['Respiratory National Early Warning Score for 28-day mortality prediction in suspected sepsis patients in the emergency department'],"Department of Emergency Medicine, Faculty of Medicine, Thammasat University, Pathum Thani, Thailand"
15136593500,Petch Rawdaree,TX0424,"Business, Management, Economics & Law",Management Information Systems,Information Systems and Management,16.799999999999997,1,0,1,1,0.16459614038467407,['2-s2.0-105028205401'],['Nationwide implementation of a diabetes self-management and network system improves outcomes in type 1 diabetes: real-world evidence from Thailand'],"Department of Medicine, Vajira Hospital, Bangkok, Thailand"
56741360200,Winchana Srivilaithon,TX0424,"Business, Management, Economics & Law",Management Information Systems,Information Systems and Management,14.7,1,0,1,1,0.025017984211444855,['2-s2.0-105027911300'],['Respiratory National Early Warning Score for 28-day mortality prediction in suspected sepsis patients in the emergency department'],"Department of Emergency Medicine, Faculty of Medicine, Thammasat University, Pathum Thani, Thailand"
15080686500,Prapai Dejkhamron,TX0424,"Business, Management, Economics & Law",Management Information Systems,Information Systems and Management,4.800000000000001,1,0,0,1,0.16459614038467407,['2-s2.0-105028205401'],['Nationwide implementation of a diabetes self-management and network system improves outcomes in type 1 diabetes: real-world evidence from Thailand'],"Department of Pediatrics, Faculty of Medicine, Chiang Mai University, Chiang Mai, Thailand"
12139694800,Jeerunda Santiprabhob,TX0424,"Business, Management, Economics & Law",Management Information Systems,Information Systems and Management,4.800000000000001,1,0,0,1,0.16459614038467407,['2-s2.0-105028205401'],['Nationwide implementation of a diabetes self-management and network system improves outcomes in type 1 diabetes: real-world evidence from Thailand'],"Department of Pediatrics, Siriraj Hospital, Bangkok, Thailand"
6603931129,Supawadee Likitmaskul,TX0424,"Business, Management, Economics & Law",Management Information Systems,Information Systems and Management,4.800000000000001,1,0,0,1,0.16459614038467407,['2-s2.0-105028205401'],['Nationwide implementation of a diabetes self-management and network system improves outcomes in type 1 diabetes: real-world evidence from Thailand'],"Department of Pediatrics, Siriraj Hospital, Bangkok, Thailand"
7004719474,Wannee Nitiyanant,TX0424,"Business, Management, Economics & Law",Management Information Systems,Information Systems and Management,4.800000000000001,1,0,0,1,0.16459614038467407,['2-s2.0-105028205401'],['Nationwide implementation of a diabetes self-management and network system improves outcomes in type 1 diabetes: real-world evidence from Thailand'],"Department of Medicine, Siriraj Hospital, Bangkok, Thailand"
57226263605,Sirimon Reutrakul,TX0424,"Business, Management, Economics & Law",Management Information Systems,Information Systems and Management,4.800000000000001,1,0,0,1,0.16459614038467407,['2-s2.0-105028205401'],['Nationwide implementation of a diabetes self-management and network system improves outcomes in type 1 diabetes: real-world evidence from Thailand'],"Department of Medicine, Ramathibodi Hospital, Bangkok, Thailand, Diabetes and Metabolism, University of Illinois College of Medicine, Chicago, IL, United States"
6603729159,Chaicharn Deerochanawong,TX0424,"Business, Management, Economics & Law",Management Information Systems,Information Systems and Management,4.800000000000001,1,0,0,1,0.16459614038467407,['2-s2.0-105028205401'],['Nationwide implementation of a diabetes self-management and network system improves outcomes in type 1 diabetes: real-world evidence from Thailand'],"Rajavithi Hospital, Bangkok, Thailand, Department of Medicine, Rangsit University, Pathum Thani, Thailand"
57190818365,Sinee Weschawalit,TX0424,"Business, Management, Economics & Law",Management Information Systems,Information Systems and Management,4.2,1,0,0,1,0.025017984211444855,['2-s2.0-105027911300'],['Respiratory National Early Warning Score for 28-day mortality prediction in suspected sepsis patients in the emergency department'],"Department of Internal Medicine, Faculty of Medicine, Thammasat University, Pathum Thani, Thailand"
60338787700,Sasimanee Maithong,TX0424,"Business, Management, Economics & Law",Management Information Systems,Information Systems and Management,4.2,1,0,0,1,0.025017984211444855,['2-s2.0-105027911300'],['Respiratory National Early Warning Score for 28-day mortality prediction in suspected sepsis patients in the emergency department'],"Department of Emergency Medicine, Faculty of Medicine, Thammasat University, Pathum Thani, Thailand"
